TIMESTAMP,RECORD,AirTempC_Avg,AirTempC_Max,AirTempC_Min,RelHum_Avg,RelHum_Max,RelHum_Min,WindSpd_ms_Max,Wind_Speed_AVG,Wind_Dir_Avg,SlrRad_W_Avg,SlrRad_W_Max,Rain_mm_Tot,DewPntC_Max,DewPntC_Min,WindChilC_Max,WindChilC_Min,HeatIndxC_Max,HeatIndxC_Min,ETrs_mm_Total,Rso
6/1/2021 0:00,109517,15.15,15.72,14.5,76.21,79.42,73.83,0.001,0.001,284.3,0,0,0,11.29,10.69,15.72,14.5,15.72,14.5,-0.032,0
6/1/2021 1:00,109518,14.32,14.67,14.13,80.3,81.9,79.32,0.001,0.001,284.4,0,0,0,11.27,10.79,14.67,14.13,14.67,14.13,-0.031,0
6/1/2021 2:00,109519,13.79,14.23,13.42,83.5,84.5,80.6,0.001,0.001,284.5,0,0,0,11.25,10.84,14.23,13.42,14.23,13.42,-0.031,0
6/1/2021 3:00,109520,13.06,13.52,12.65,86.1,87.8,84.4,0.001,0.001,284.7,0,0,0,11.05,10.6,13.52,12.65,13.52,12.65,-0.03,0
6/1/2021 4:00,109521,12.32,12.78,11.97,89.5,91.3,87.6,0.001,0.001,284.7,0,0,0,10.85,10.5,12.78,11.97,12.78,11.97,-0.029,0
6/1/2021 5:00,109522,11.82,12.11,11.46,91.8,92.5,91,0.001,0.001,285.3,5.199,15.22,0,10.75,10.27,12.11,11.46,12.11,11.46,610.9,0.086
6/1/2021 6:00,109523,13.41,16.57,11.43,87.8,93.2,72,0.441,0.002,284.4,113,188.5,0,12.81,10.26,16.57,11.43,16.57,11.43,7999,0.599
6/1/2021 7:00,109524,16.61,17.44,16,74.96,77.43,71.87,2.039,0.197,268.9,269.6,354,0,13.09,11.38,17.44,16,17.44,16,7999,1.188
6/1/2021 8:00,109525,18.65,20.18,17.28,67.87,73.87,61.62,1.879,0.101,267.4,439.1,523.8,0,13.21,12.23,20.18,17.28,20.18,17.28,7999,1.764
6/1/2021 9:00,109526,20.01,20.59,19.7,61.09,64.39,58.99,4.436,0.833,275.3,601.7,677.1,0,13.23,11.84,20.59,19.7,20.59,19.7,7999,2.286
6/1/2021 10:00,109527,21.23,22.42,20.43,58.41,62.52,54.67,4.436,0.843,275.9,741.3,801,0,14.03,12.17,22.42,20.43,22.42,20.43,7999,2.72
6/1/2021 11:00,109528,23.16,24.23,22.34,53.05,59.24,48.22,3.637,0.725,276.5,846,885,0,14.49,12.49,24.23,22.34,24.23,22.34,7999,3.036
6/1/2021 12:00,109529,24.72,25.47,24.13,47.29,52.49,44.11,4.596,1.4,279.1,908,925,0,14.35,11.98,25.47,24.13,25.47,24.13,7999,3.212
6/1/2021 13:00,109530,26.13,27.09,25.16,43.12,47.73,40.12,4.116,0.765,282.9,921,929,0,14.21,12.01,27.09,25.16,27.09,25.16,7999,3.237
6/1/2021 14:00,109531,27.44,28.66,26.57,39.56,46.8,35.4,5.874,1.156,286.4,883,913,0,14.84,11.56,28.66,26.57,28.66,26.57,7999,3.108
6/1/2021 15:00,109532,28.58,29.77,27.5,36.35,42.66,32.71,4.276,0.391,287,798.3,849,0,14.3,11.48,29.77,27.5,29.77,27.5,7999,2.835
6/1/2021 16:00,109533,29.02,29.4,28.69,33.76,40.19,32.15,6.194,1.903,288.3,671.8,740.9,0,14.4,10.71,29.4,28.69,29.4,28.69,7999,2.436
6/1/2021 17:00,109534,29.39,29.91,28.98,32.13,35.83,30.48,5.075,1.473,288.2,516.3,598.3,0,13.11,10.47,29.91,28.98,29.91,28.98,7999,1.938
6/1/2021 18:00,109535,29.11,29.39,28.83,31.69,34.52,29.65,3.637,1.405,285.7,345,432.4,0,11.94,9.56,29.39,28.83,29.39,28.83,7999,1.375
6/1/2021 19:00,109536,28.64,29.05,27.95,32.15,38.57,29.8,2.838,0.264,287.2,179,258,0,13.16,9.28,29.05,27.95,29.05,27.95,7999,0.786
6/1/2021 20:00,109537,25.51,28.2,22.1,45.05,55.26,32.78,0.001,0.001,286.5,36.01,107.3,0,13.86,10.25,28.2,22.1,28.2,22.1,5446,0.214
6/1/2021 21:00,109538,20.26,22.17,19.16,60.45,65.52,53.64,0.001,0.001,286.8,0.889,5.476,0,12.98,11.64,22.17,19.16,22.17,19.16,69,0
6/1/2021 22:00,109539,18.23,19.28,17.45,66.63,71.58,62.73,0.001,0.001,287.1,0,0,0,12.65,11.27,19.28,17.45,19.28,17.45,-0.035,0
6/1/2021 23:00,109540,16.98,17.58,16.47,75.3,79.52,68.18,0.001,0.001,287.4,0,0,0,13.13,11.6,17.58,16.47,17.58,16.47,-0.033,0
6/2/2021 0:00,109541,15.97,16.8,15.47,80.3,82.3,75.76,0.001,0.001,287.6,0,0,0,12.82,12.37,16.8,15.47,16.8,15.47,-0.032,0
6/2/2021 1:00,109542,15.02,15.55,14.47,84.8,86.9,82.5,0.001,0.001,287.7,0,0,0,12.69,12.17,15.55,14.47,15.55,14.47,-0.031,0
6/2/2021 2:00,109543,14.19,14.64,13.59,87.6,88.6,86.6,0.001,0.001,287.8,0,0,0,12.47,11.74,14.64,13.59,14.64,13.59,-0.03,0
6/2/2021 3:00,109544,13.47,13.76,13.09,89.7,91,88.5,0.001,0.001,287.8,0,0,0,12.18,11.48,13.76,13.09,13.76,13.09,-0.03,0
6/2/2021 4:00,109545,14.12,14.68,13.49,88,90.4,85.4,1.24,0.004,286.6,0.045,0.812,0,12.53,11.86,14.68,13.49,14.68,13.49,3.072,0
6/2/2021 5:00,109546,13.06,13.7,12.65,91.6,93,90,0.001,0.001,286.5,8.07,18.46,0,12.14,11.47,13.7,12.65,13.7,12.65,977,0.089
6/2/2021 6:00,109547,14.02,16.67,12.7,90.2,94.2,78.94,0.001,0.001,277.9,113.9,188.1,0,13.38,11.6,16.67,12.7,16.67,12.7,7999,0.603
6/2/2021 7:00,109548,18.58,19.91,16.64,70.17,78.88,64.27,0.001,0.001,275.9,267.5,353.6,0,13.68,12.56,19.91,16.64,19.91,16.64,7999,1.192
6/2/2021 8:00,109549,19.57,20.08,18.91,67.75,71.6,65.51,0.001,0.001,275.7,435.2,516,0,14.04,13.09,20.08,18.91,20.08,18.91,7999,1.767
6/2/2021 9:00,109550,20.38,20.96,19.99,65.96,69.26,63.94,0.001,0.001,276.7,593.4,667.7,0,14.66,13.39,20.96,19.99,20.96,19.99,7999,2.289
6/2/2021 10:00,109551,21.27,22.68,20.53,62.04,67.91,56.18,3.477,0.234,277.4,734.6,796.8,0,14.51,13.29,22.68,20.53,22.68,20.53,7999,2.722
6/2/2021 11:00,109552,23.15,24.11,22.45,51.54,59.27,43.77,6.034,0.106,280.2,843,886,0,14.33,10.99,24.11,22.45,24.11,22.45,7999,3.038
6/2/2021 12:00,109553,24.51,25.44,23.69,44.3,48.99,40.9,6.034,2.802,284.4,907,923,0,12.76,10.85,25.44,23.69,25.44,23.69,7999,3.215
6/2/2021 13:00,109554,26,26.89,25.15,39.04,45.37,34.17,6.034,2.963,284.5,922,927,0,12.6,9.36,26.89,25.15,26.89,25.15,7999,3.24
6/2/2021 14:00,109555,26.83,27.67,26.3,38.05,42.29,34.78,6.354,2.795,285.3,886,914,0,13.45,9.93,27.67,26.3,27.67,26.3,7999,3.111
6/2/2021 15:00,109556,26.74,27.67,26.17,38.96,43.07,33.96,7.153,3.64,297.8,802,854,0,13.28,9.95,27.67,26.17,27.67,26.17,7999,2.839
6/2/2021 16:00,109557,26.24,26.73,25.41,41.92,46.11,39.09,7.312,3.537,303.8,673.1,746.4,0,13.47,11.35,26.73,25.41,26.75,25.41,7999,2.44
6/2/2021 17:00,109558,25.57,25.92,25.24,45,47.23,42.34,7.312,3.406,298.4,525.2,619.2,0,13.56,11.78,25.92,25.24,25.92,25.24,7999,1.943
6/2/2021 18:00,109559,24.76,25.27,24.17,46.24,48.01,43.04,6.993,3.092,295.4,350.4,437.3,0,13.04,11.75,25.27,24.17,25.27,24.17,7999,1.381
6/2/2021 19:00,109560,23.27,24.26,22.4,48.93,50.74,46.93,6.833,2.81,290.4,181.1,263.9,0,12.65,10.57,24.26,22.4,24.26,22.4,7999,0.793
6/2/2021 20:00,109561,21.06,22.44,19.82,51.26,55.92,45.04,5.555,1.36,283.7,20.73,89.5,0,11.45,9.2,22.44,19.82,22.44,19.82,2690,0.221
6/2/2021 21:00,109562,18.85,19.92,18.23,59.87,63.34,55.57,5.555,1.455,280.8,0.762,4.26,0,11.38,10.37,19.92,18.23,19.92,18.23,40.55,0
6/2/2021 22:00,109563,17.24,18.41,15.87,65.61,72.33,59.63,0.001,0.001,274.8,0,0,0,11.03,10.32,18.41,15.87,18.41,15.87,-0.035,0
6/2/2021 23:00,109564,15.42,15.99,14.43,76.33,81.1,72.46,1.4,0.02,275,0,0,0,11.66,10.86,15.99,14.43,15.99,14.43,-0.032,0
6/3/2021 0:00,109565,13.78,14.47,13.19,84.9,88,81,0.001,0.001,275.1,0,0,0,11.5,11.1,14.47,13.19,14.47,13.19,-0.03,0
6/3/2021 1:00,109566,12.9,13.39,12.53,89.5,91.6,87.7,0.001,0.001,275.2,0,0,0,11.42,11.05,13.39,12.53,13.39,12.53,-0.029,0
6/3/2021 2:00,109567,12.43,12.63,12.14,92.7,93.3,91.4,0.001,0.001,275.3,0,0,0,11.47,11.07,12.63,12.14,12.63,12.14,-0.029,0
6/3/2021 3:00,109568,11.91,12.28,11.67,93.7,94.4,92.9,0.001,0.001,275.3,0,0,0,11.21,10.68,12.28,11.67,12.28,11.67,-0.029,0
6/3/2021 4:00,109569,11.58,11.8,11.38,94.6,95,94.2,0.001,0.001,275.2,0.038,0.609,0,10.93,10.52,11.8,11.38,11.8,11.38,2.44,0
6/3/2021 5:00,109570,11.21,11.57,10.97,95.2,95.6,94.8,0.001,0.001,275.3,9.1,25.36,0,10.81,10.25,11.57,10.97,11.57,10.97,1054,0.092
6/3/2021 6:00,109571,11.95,13.22,11.02,95.4,96,94.6,0.001,0.001,275.3,88.7,223,0,12.4,10.32,13.22,11.02,13.22,11.02,7999,0.607
6/3/2021 7:00,109572,14.59,15.09,13.22,86.5,94.8,82.5,0.001,0.001,274.8,193.6,387.9,0,12.96,11.98,15.09,13.22,15.09,13.22,7999,1.195
6/3/2021 8:00,109573,15.38,16.13,14.87,81.9,84.1,78.6,0.601,0.002,275.2,197.8,262.3,0,12.79,12.07,16.13,14.87,16.13,14.87,7999,1.769
6/3/2021 9:00,109574,15.73,16.35,15.25,80.8,82.9,78.11,0.001,0.001,275.3,238.8,293.1,0,12.79,12.23,16.35,15.25,16.35,15.25,7999,2.291
6/3/2021 10:00,109575,17.17,17.79,16.06,75.06,79.31,72.42,2.678,0.035,275.3,414.6,767.7,0,13.22,12.39,17.79,16.06,17.79,16.06,7999,2.725
6/3/2021 11:00,109576,18.13,18.89,17.28,72.44,76.55,69.52,4.436,1.501,278.2,730.9,1300,0,13.86,12.63,18.89,17.28,18.89,17.28,7999,3.04
6/3/2021 12:00,109577,19.39,20.25,18.49,69.35,72.7,65.9,6.034,1.789,283.4,922,1016,0,14.38,13.12,20.25,18.49,20.25,18.49,7999,3.217
6/3/2021 13:00,109578,20.12,20.89,19.59,67.75,70.56,64.16,7.153,3.678,285.8,922,1117,0,14.84,13.58,20.89,19.59,20.89,19.59,7999,3.242
6/3/2021 14:00,109579,20.73,21.37,19.94,64.24,69,60.35,6.833,3.356,290.9,834,951,0,14.44,13.13,21.37,19.94,21.37,19.94,7999,3.115
6/3/2021 15:00,109580,21.1,21.72,20.57,61.12,63.82,58.27,7.153,3.541,295.3,787,875,0,14,12.77,21.72,20.57,21.72,20.57,7999,2.843
6/3/2021 16:00,109581,21.7,22.35,21.07,57.64,60.9,54.81,5.235,2.243,294.1,655.9,750.7,0,13.53,12.55,22.35,21.07,22.35,21.07,7999,2.445
6/3/2021 17:00,109582,21.32,21.72,20.92,56.95,61.34,53.66,6.354,2.867,292.5,482.4,797.2,0,13.45,11.66,21.72,20.92,21.72,20.92,7999,1.949
6/3/2021 18:00,109583,19.98,21.09,18.91,57.92,60.34,54.32,7.792,3.536,301.6,347.3,431,0,12.1,10.52,21.09,18.91,21.09,18.91,7999,1.387
6/3/2021 19:00,109584,18.66,19.1,18.27,55.85,59.08,51.4,5.714,1.896,291.1,181.6,260.9,0,10.93,8.38,19.1,18.27,19.1,18.27,7999,0.8
6/3/2021 20:00,109585,16.58,18.61,15.28,61.47,65.66,54.86,5.075,1.219,287.2,37.14,109.5,0,9.67,8.76,18.61,15.28,18.61,15.28,4424,0.228
6/3/2021 21:00,109586,14.86,15.35,14.23,64.74,66.18,62.95,5.714,1.515,287.9,0.911,5.477,0,8.92,7.762,15.35,14.23,15.35,14.23,42.25,0
6/3/2021 22:00,109587,13.28,14.27,12.5,70.24,72.88,65.78,3.158,0.46,288.7,0,0,0,8.28,7.635,14.27,12.5,14.27,12.5,-0.019,0
6/3/2021 23:00,109588,12.02,12.68,11.21,75.56,79.75,71.98,4.915,0.577,288.1,0,0,0,8.03,7.637,12.68,11.21,12.68,11.21,-0.018,0
6/4/2021 0:00,109589,11.02,11.52,10.18,80.2,85.3,77.47,3.957,0.327,289.3,0,0,0,8,7.531,11.52,10.18,11.52,10.18,-0.023,0
6/4/2021 1:00,109590,9.46,10.28,8.79,88.7,91.5,85.2,0.001,0.001,289.1,0,0,0,7.981,7.451,10.28,8.79,10.28,8.79,-0.028,0
6/4/2021 2:00,109591,8.21,8.86,7.91,93.5,94.9,91.3,0.001,0.001,289.1,0,0,0,7.549,7.026,8.86,7.91,8.86,7.91,-0.027,0
6/4/2021 3:00,109592,7.887,8.08,7.711,95.3,95.9,94.6,0.001,0.001,289.1,0,0,0,7.353,7.026,8.08,7.711,8.08,7.711,-0.027,0
6/4/2021 4:00,109593,7.94,8.2,7.761,94.8,95.6,93.9,0.001,0.001,289.1,0.005,0.406,0,7.314,7.027,8.2,7.761,8.2,7.761,0.238,0
6/4/2021 5:00,109594,8.36,8.7,8.01,93.1,94,91,0.001,0.001,289,7.2,25.36,0,7.535,7.094,8.7,8.01,8.7,8.01,772.2,0.094
6/4/2021 6:00,109595,8.57,8.72,8.43,90,91.2,88.9,0.001,0.001,283.9,41.73,78.11,0,7.229,6.83,8.72,8.43,8.72,8.43,4504,0.611
6/4/2021 7:00,109596,9.3,9.99,8.62,86.4,89.3,82.9,0.001,0.001,280.9,117.1,179.7,0,7.355,6.903,9.99,8.62,9.99,8.62,7999,1.198
6/4/2021 8:00,109597,11.41,12.98,9.89,77.17,82.9,71.33,0.001,0.001,279.1,328,701.6,0,8.34,7.067,12.98,9.89,12.98,9.89,7999,1.772
6/4/2021 9:00,109598,12.45,13.4,11.69,74.12,77.83,69.97,2.838,0.014,273.7,526.7,793.7,0,8.73,7.659,13.4,11.69,13.4,11.69,7999,2.293
6/4/2021 10:00,109599,14.41,15.49,12.94,67.41,73.46,63.26,3.158,0.305,274.9,716.7,1207,0,9.21,8.02,15.49,12.94,15.49,12.94,7999,2.726
6/4/2021 11:00,109600,15.7,16.66,14.56,62.01,66.64,57.83,1.719,0.004,272.6,495.2,995,0,9.42,7.999,16.66,14.56,16.66,14.56,7999,3.042
6/4/2021 12:00,109601,16.98,17.34,16.53,60.11,64.55,56.74,4.596,0.842,277.6,635,1538,0,10.05,8.59,17.34,16.53,17.34,16.53,7999,3.219
6/4/2021 13:00,109602,18.09,18.69,17.03,55.8,60.55,53.58,3.957,1.005,277.3,668.4,1385,0,10.54,8.55,18.69,17.03,18.69,17.03,7999,3.245
6/4/2021 14:00,109603,18.75,19.45,17.76,51.45,58.43,43.85,4.116,0.745,279.2,550.1,1248,0,10.05,6.48,19.45,17.76,19.45,17.76,7999,3.117
6/4/2021 15:00,109604,19.05,19.57,18.7,44.54,47.84,41.9,5.714,2.688,287.8,527.5,1245,0,7.721,5.982,19.57,18.7,19.57,18.7,7999,2.846
6/4/2021 16:00,109605,19.86,20.4,19.31,42.64,45.03,40.56,5.555,1.963,288.1,506.3,1079,0,7.54,6.188,20.4,19.31,20.4,19.31,7999,2.449
6/4/2021 17:00,109606,19.79,20.84,19.21,41.44,45.24,39.53,5.714,2.202,286.4,316.1,855,0,8.38,5.225,20.84,19.21,20.84,19.21,7999,1.954
6/4/2021 18:00,109607,19.31,19.62,19.1,41.63,43.81,39.11,6.513,2.707,287,282.1,485,0,6.622,5.288,19.62,19.1,19.62,19.1,7999,1.393
6/4/2021 19:00,109608,18.53,19.67,17.9,44.89,47.1,40.84,7.312,2.916,291.6,194.4,354.8,0,6.823,5.831,19.67,17.9,19.67,17.9,7999,0.806
6/4/2021 20:00,109609,16.94,18.12,16.09,48.74,51.69,44.75,5.714,2.771,284.7,39.48,162.5,0,6.325,5.806,18.12,16.09,18.12,16.09,4269,0.234
6/4/2021 21:00,109610,15.67,16.16,15.15,54.01,57.45,51.59,5.075,1.16,282.6,1.068,5.477,0,6.974,5.919,16.16,15.15,16.16,15.15,55.16,0
6/4/2021 22:00,109611,14.9,15.21,14.49,49.18,54.91,43.96,3.957,0.378,282.2,0,0,0,6.191,2.655,15.21,14.49,15.21,14.49,-0.02,0
6/4/2021 23:00,109612,14.31,14.6,13.81,48.06,55.03,44.91,4.756,0.234,282,0,0,0,5.007,2.647,14.6,13.81,14.6,13.81,-0.026,0
6/5/2021 0:00,109613,13.42,13.88,12.89,56.83,60.6,52.29,0.001,0.001,281.7,0,0,0,5.681,4.212,13.88,12.89,13.88,12.89,-0.035,0
6/5/2021 1:00,109614,11.98,13.12,11.43,65.83,69.51,60.39,0.001,0.001,281.7,0,0,0,6.192,5.252,13.12,11.43,13.12,11.43,-0.033,0
6/5/2021 2:00,109615,12.39,12.81,11.67,62.38,67.61,57.99,3.158,0.18,281.9,0,0,0,6.096,4.656,12.81,11.67,12.81,11.67,-0.027,0
6/5/2021 3:00,109616,12.43,12.78,12.15,65.45,70.76,59.03,3.797,0.194,282,0,0,0,7.314,4.917,12.78,12.15,12.78,12.15,-0.026,0
6/5/2021 4:00,109617,12.14,12.51,11.66,76.77,84.4,69.06,2.838,0.115,282.1,0.006,0.203,0,9.24,6.812,12.51,11.66,12.51,11.66,0.381,0
6/5/2021 5:00,109618,11.41,11.8,11.06,85.7,87.2,84.1,3.957,0.04,282.4,7.942,30.43,0,9.32,8.8,11.8,11.06,11.8,11.06,920,0.097
6/5/2021 6:00,109619,11.82,12.73,11.19,79.3,85.3,71.69,5.714,0.659,282.7,101.6,302.5,0,8.93,7.611,12.73,11.19,12.73,11.19,7999,0.614
6/5/2021 7:00,109620,11.84,12.44,11.49,81.8,86.2,73.22,5.235,0.6,282.1,140.8,301.7,0,9.5,7.692,12.44,11.49,12.44,11.49,7999,1.201
6/5/2021 8:00,109621,12.09,12.64,11.19,81.2,86.8,77.49,3.797,0.459,281.6,265.7,629.8,0,9.41,8.37,12.64,11.19,12.64,11.19,7999,1.774
6/5/2021 9:00,109622,12.6,13.49,11.46,77.05,84.1,68.21,5.874,1.599,281.6,401,941,0,10,7.432,13.49,11.46,13.49,11.46,7999,2.295
6/5/2021 10:00,109623,12.73,13.67,11.49,75.74,85,65.5,6.194,0.964,280.8,514.4,1142,0,10.1,7.195,13.67,11.49,13.67,11.49,7999,2.728
6/5/2021 11:00,109624,13.67,15.14,12.6,67.87,76.21,59.21,7.472,2.205,281.1,661.8,1252,0,9.14,6.725,15.14,12.6,15.14,12.6,7999,3.044
6/5/2021 12:00,109625,13.7,14.74,12.93,66.37,72.92,61.61,8.91,2.955,288.9,603.5,1498,0,8.84,6.871,14.74,12.93,14.74,12.93,7999,3.221
6/5/2021 13:00,109626,13.85,15.65,12.55,69.69,77.99,58.05,9.87,2.204,293.3,571.2,1345,0,10.28,6.996,15.65,12.55,15.65,12.55,7999,3.247
6/5/2021 14:00,109627,14.1,14.8,13.38,64.04,71.53,57.58,10.35,3.513,289.3,609.2,1294,0,8.88,6.151,14.8,13.38,14.8,13.38,7999,3.12
6/5/2021 15:00,109628,15.35,16.29,14.6,54.21,62.96,47.91,9.23,3.397,299.5,783.7,1190,0,7.673,4.862,16.29,14.6,16.29,14.6,7999,2.85
6/5/2021 16:00,109629,15.14,16.24,13.02,54.11,68.81,48.59,8.75,3.057,296.3,568.9,961,0,7.544,4.769,16.24,13.02,16.24,13.02,7999,2.454
6/5/2021 17:00,109630,14.22,14.64,13.62,58.89,62.62,55.65,8.43,2.542,298.1,536.4,650.4,0,6.911,5.603,14.64,13.62,14.64,13.62,7999,1.959
6/5/2021 18:00,109631,13.56,14.57,12.91,60.39,66.33,56.67,7.632,2.76,298.1,313.1,448.8,0,7.2,4.942,14.57,12.91,14.57,12.91,7999,1.399
6/5/2021 19:00,109632,12.65,13.08,12.23,64.03,66.08,59.44,7.472,1.83,290.5,164.7,271.2,0,6.484,5.252,13.08,12.23,13.08,12.23,7999,0.813
6/5/2021 20:00,109633,11.53,12.37,10.72,68.12,71.1,64.25,6.354,1.197,285.4,33.77,109.8,0,6.13,5.671,12.37,10.72,12.37,10.72,3541,0.241
6/5/2021 21:00,109634,10.38,10.82,10.06,71.62,73,70.26,4.436,0.273,283.8,1.404,6.289,0,5.921,5.176,10.82,10.06,10.82,10.06,79.81,0
6/5/2021 22:00,109635,9.46,10.18,9.03,77.66,81.2,72.22,0.001,0.001,280.8,0,0,0,6.108,5.287,10.18,9.03,10.18,9.03,-0.03,0
6/5/2021 23:00,109636,8.46,9.15,7.842,84,87.4,81.1,0.001,0.001,284.4,0,0,0,6.136,5.67,9.15,7.842,9.15,7.842,-0.028,0
6/6/2021 0:00,109637,7.776,8.15,7.575,88.2,89.2,86.9,0.001,0.001,284.5,0,0,0,6.19,5.797,8.15,7.575,8.15,7.575,-0.028,0
6/6/2021 1:00,109638,7.299,7.81,6.63,89.8,92.2,88.1,0.001,0.001,284.7,0,0,0,6.053,5.387,7.81,6.63,7.81,6.63,-0.027,0
6/6/2021 2:00,109639,6.636,7.02,6.377,93,93.7,92.2,0.001,0.001,284.7,0,0,0,5.978,5.368,7.02,6.377,7.02,6.377,-0.026,0
6/6/2021 3:00,109640,7.083,7.459,6.867,92.4,93.1,91.5,0.001,0.001,284.6,0,0,0,6.211,5.688,7.459,6.867,7.459,6.867,-0.027,0
6/6/2021 4:00,109641,7.742,7.978,7.322,90.8,91.7,89.9,0.001,0.001,284.7,0,0,0,6.619,6.049,7.978,7.322,7.978,7.322,-0.027,0
6/6/2021 5:00,109642,7.936,8.1,7.74,90.6,91.8,88.3,0.001,0.001,284.7,3.51,8.72,0,6.751,6.121,8.1,7.74,8.1,7.74,372,0.099
6/6/2021 6:00,109643,8.17,8.42,7.96,87.7,88.4,86.9,2.359,0.114,284.7,13.45,29.42,0,6.485,6.104,8.42,7.96,8.42,7.96,1418,0.617
6/6/2021 7:00,109644,8.1,8.42,7.842,91.3,93.7,87.3,2.518,0.089,284.6,38.78,51.74,0,7.041,6.312,8.42,7.842,8.42,7.842,4092,1.203
6/6/2021 8:00,109645,8.1,8.4,7.875,94,94.3,93.6,2.359,0.076,284,94.5,142.6,0,7.473,6.912,8.4,7.875,8.4,7.875,7999,1.776
6/6/2021 9:00,109646,8.71,9.33,8.28,93.3,94,92.3,0.001,0.001,284.3,181.4,254.4,0,8.25,7.305,9.33,8.28,9.33,8.28,7999,2.296
6/6/2021 10:00,109647,9.6,10.45,9.01,91.3,92.9,88.8,3.158,0.132,284.2,329.5,562.2,0.254,8.97,7.832,10.45,9.01,10.45,9.01,7999,2.729
6/6/2021 11:00,109648,10.26,10.52,10.02,86.5,89.5,84.5,3.317,0.194,280.9,298.5,551.2,0,8.83,7.649,10.52,10.02,10.52,10.02,7999,3.045
6/6/2021 12:00,109649,10.53,10.78,10.26,87,89.5,84.6,0.441,0.002,277.8,246.5,362.9,0,8.85,8.18,10.78,10.26,10.78,10.26,7999,3.222
6/6/2021 13:00,109650,10.1,10.4,9.72,89.6,90.8,87,5.235,0.053,281.8,203.5,354,0.254,8.91,8.07,10.4,9.72,10.4,9.72,7999,3.249
6/6/2021 14:00,109651,10.12,10.45,9.81,89.9,91.3,88.6,3.637,0.162,283.5,150.7,239.2,0,8.9,8.15,10.45,9.81,10.45,9.81,7999,3.123
6/6/2021 15:00,109652,10.53,11.26,9.94,89.6,91,87.3,5.555,0.901,281.5,296,692.8,0.254,9.66,8.3,11.26,9.94,11.26,9.94,7999,2.853
6/6/2021 16:00,109653,10.34,10.62,10.06,91.2,92.6,89.1,5.555,0.376,280.7,91.7,196.6,0.254,9.22,8.81,10.62,10.06,10.62,10.06,7999,2.458
6/6/2021 17:00,109654,9.68,11.02,8.92,91.4,93.8,87.9,9.55,0.779,282.3,223.4,739.7,0.254,9.85,7.153,11.02,8.92,11.02,8.92,7999,1.964
6/6/2021 18:00,109655,11.48,12.17,10.92,85.6,91,82.4,3.797,0.272,296,337.4,541.5,0,9.73,8.55,12.17,10.92,12.17,10.92,7999,1.405
6/6/2021 19:00,109656,11.72,12.37,10.91,85.8,88.6,82.8,2.998,0.115,284.6,157,367,0,9.95,8.95,12.37,10.91,12.37,10.91,7999,0.819
6/6/2021 20:00,109657,9.62,11.02,8.28,89.4,92.8,84.8,5.874,0.211,277.6,8.89,20.9,0,9.21,6.933,11.02,8.28,11.02,8.28,966,0.247
6/6/2021 21:00,109658,8.32,8.45,8.11,94.6,95.3,92.8,0.001,0.001,277.3,0.255,1.826,0,7.664,7.188,8.45,8.11,8.45,8.11,15.13,0
6/6/2021 22:00,109659,7.553,8.38,6.69,94,95.8,92,4.436,0.329,279.6,0,0,0,7.731,5.581,8.38,6.69,8.38,6.69,-0.022,0
6/6/2021 23:00,109660,6.416,6.776,6.135,95.4,96.5,93.6,0.001,0.001,277.2,0,0,0,6.022,5.45,6.776,6.135,6.776,6.135,-0.026,0
6/7/2021 0:00,109661,6.567,6.727,6.393,96.7,97.1,96.4,1.24,0.049,277,0,0,0,6.26,5.884,6.727,6.393,6.727,6.393,-0.025,0
6/7/2021 1:00,109662,6.875,7.3,6.524,97,97.3,96.7,4.436,0.141,277.2,0,0,0.254,6.852,6.084,7.3,6.524,7.3,6.524,-0.024,0
6/7/2021 2:00,109663,7.542,7.825,7.198,96.4,96.9,96,6.194,0.404,277.8,0,0,0,7.252,6.715,7.825,7.198,7.825,7.198,-0.022,0
6/7/2021 3:00,109664,7.599,7.858,7.435,95.8,96.3,95.5,0.001,0.001,277.5,0,0,0,7.252,6.792,7.858,7.435,7.858,7.435,-0.027,0
6/7/2021 4:00,109665,7.043,7.588,6.438,95.7,96,95.4,0.761,0.004,277.6,0.04,0.406,0,6.957,5.808,7.588,6.438,7.588,6.438,2.265,0
6/7/2021 5:00,109666,6.279,6.529,6.089,96.5,97.2,95.6,0.001,0.001,279.9,13.2,40.38,0,6.111,5.574,6.529,6.089,6.529,6.089,1332,0.101
6/7/2021 6:00,109667,7.566,8.69,6.427,96.3,97.3,94,2.199,0.141,279.1,144,298.8,0,7.962,5.994,8.69,6.427,8.69,6.427,7999,0.62
6/7/2021 7:00,109668,8.94,10.25,8.52,91.2,94.3,85.7,3.317,0.065,277.5,219.8,483.5,0,8.23,7.132,10.25,8.52,10.25,8.52,7999,1.205
6/7/2021 8:00,109669,11.24,12.35,10.18,78.81,86.3,74.03,2.359,0.022,276.6,390.1,732,0,8.84,6.475,12.35,10.18,12.35,10.18,7999,1.777
6/7/2021 9:00,109670,11.01,12.23,10.49,77.8,83,69.7,3.158,0.048,281.8,377.9,1078,0,8.06,6.674,12.23,10.49,12.23,10.49,7999,2.298
6/7/2021 10:00,109671,11.63,12.37,10.3,72.33,82.4,66.18,0.001,0.001,281.5,326.1,1107,0,8.05,5.068,12.37,10.3,12.37,10.3,7999,2.73
6/7/2021 11:00,109672,11.25,12.79,9.69,78.91,87.3,62.12,2.199,0.009,281.6,651.4,1143,0,8.85,5.38,12.79,9.69,12.79,9.69,7999,3.046
6/7/2021 12:00,109673,13.32,13.94,12.67,63.38,74.2,57,0.001,0.001,281.6,627.7,1335,0,9.03,4.829,13.94,12.67,13.94,12.67,7999,3.224
6/7/2021 13:00,109674,12.93,14.26,12.08,69.13,79.89,56.56,0.001,0.001,281.5,412.4,1203,0,9.55,5.24,14.26,12.08,14.26,12.08,7999,3.251
6/7/2021 14:00,109675,12.8,13.38,12.38,72.62,78.1,64.15,0.001,0.001,281.4,402.1,496.8,0,9.41,6.115,13.38,12.38,13.38,12.38,7999,3.125
6/7/2021 15:00,109676,13.88,15.14,13.14,68,77.45,49.59,2.678,0.03,281.8,425.3,767.1,0,9.59,4.498,15.14,13.14,15.14,13.14,7999,2.856
6/7/2021 16:00,109677,14.51,15.2,13.92,60.03,67.96,52.84,3.477,0.117,286.4,535.8,774.6,0,8.76,5.155,15.2,13.92,15.2,13.92,7999,2.462
6/7/2021 17:00,109678,14.98,15.44,14.56,54.72,59.76,48.21,4.276,0.112,288.1,400.5,605.4,0,7.601,4.204,15.44,14.56,15.44,14.56,7999,1.968
6/7/2021 18:00,109679,14.44,14.95,14.09,59.75,63.43,55.95,4.436,0.42,285.7,315.8,417.3,0,7.626,5.854,14.95,14.09,14.95,14.09,7999,1.41
6/7/2021 19:00,109680,13.42,14.16,13.13,62.66,65.37,57.74,4.116,0.663,282.8,105,145.5,0,6.999,5.71,14.16,13.13,14.16,13.13,7999,0.825
6/7/2021 20:00,109681,12.44,13.35,10.98,70.35,78.68,63.71,0.001,0.001,282.4,39.39,109.3,0,7.692,6.541,13.35,10.98,13.35,10.98,4699,0.253
6/7/2021 21:00,109682,9.7,11.02,8.52,85.8,91.4,78.44,0.001,0.001,282.7,1.476,7.303,0,7.82,7.052,11.02,8.52,11.02,8.52,91.2,0
6/7/2021 22:00,109683,8.07,8.69,7.588,93.6,95.2,91.2,0.001,0.001,282.8,0,0,0,7.37,6.843,8.69,7.588,8.69,7.588,-0.027,0
6/7/2021 23:00,109684,7.39,7.723,7.097,95.8,96.4,95,0.001,0.001,282.9,0,0,0,6.983,6.532,7.723,7.097,7.723,7.097,-0.027,0
6/8/2021 0:00,109685,7.227,7.504,7.031,96.6,96.8,96.3,0.001,0.001,282.9,0,0,0,7.004,6.518,7.504,7.031,7.504,7.031,-0.026,0
6/8/2021 1:00,109686,7.25,7.452,7.029,96.6,96.9,96.4,0.001,0.001,282.8,0,0,0,6.96,6.557,7.452,7.029,7.452,7.029,-0.026,0
6/8/2021 2:00,109687,7.02,7.25,6.726,96.8,97.1,96.5,0.001,0.001,282.8,0,0,0,6.759,6.26,7.25,6.726,7.25,6.726,-0.026,0
6/8/2021 3:00,109688,6.717,6.898,6.373,97.2,97.5,96.9,0.001,0.001,282.8,0,0,0,6.476,5.997,6.898,6.373,6.898,6.373,-0.026,0
6/8/2021 4:00,109689,6.359,6.512,6.122,97.7,97.9,97.4,0.001,0.001,282.8,0.029,0.406,0,6.177,5.789,6.512,6.122,6.512,6.122,1.604,0
6/8/2021 5:00,109690,5.908,6.19,5.632,98.1,98.5,97.7,0.001,0.001,282.8,9.89,25.36,0,5.887,5.392,6.19,5.632,6.19,5.632,986,0.102
6/8/2021 6:00,109691,6.774,8.65,5.648,97.8,98.5,96.2,0.001,0.001,282,153.7,261.7,0,8.1,5.407,8.65,5.648,8.65,5.648,7999,0.622
6/8/2021 7:00,109692,10.52,12.09,8.62,84,96.3,71.89,0.001,0.001,281.6,300.2,363.8,0,8.6,6.803,12.09,8.62,12.09,8.62,7999,1.207
6/8/2021 8:00,109693,12.79,13.78,11.65,69.75,75.52,65.21,0.92,0.013,281.1,448.4,548.4,0,8.15,6.911,13.78,11.65,13.78,11.65,7999,1.779
6/8/2021 9:00,109694,13.09,13.78,12.38,66.83,71.76,61.28,2.838,0.317,277.9,626.4,811,0,8.17,6.01,13.78,12.38,13.78,12.38,7999,2.299
6/8/2021 10:00,109695,13.82,14.54,13.28,63.42,67.96,60.84,3.637,0.335,271.9,767.9,822,0,7.879,6.206,14.54,13.28,14.54,13.28,7999,2.731
6/8/2021 11:00,109696,14.96,15.95,13.99,55.21,64.68,47.86,3.957,1.065,272.2,764,1015,0,8.17,4.021,15.95,13.99,15.95,13.99,7999,3.047
6/8/2021 12:00,109697,15.12,15.85,14.56,52.33,57.93,45.46,5.235,2.172,281,679.9,1150,0,7.162,3.568,15.85,14.56,15.85,14.56,7999,3.225
6/8/2021 13:00,109698,16.3,17.17,14.9,45.56,55.97,37.57,4.596,2.015,283,958,993,0,6.899,2.282,17.17,14.9,17.17,14.9,7999,3.253
6/8/2021 14:00,109699,16.83,17.27,16.51,41.71,46.1,38.04,3.957,0.37,276.1,409.7,1225,0,5.173,2.477,17.27,16.51,17.27,16.51,7999,3.128
6/8/2021 15:00,109700,17.73,18.55,17.06,42.67,50.87,37.59,5.714,2.27,289.3,851,1046,0,7.736,3.327,18.55,17.06,18.55,17.06,7999,2.859
6/8/2021 16:00,109701,16.92,18.13,14,47.22,66.44,39.11,6.354,1.843,284.3,268.9,1093,0,7.892,3.922,18.13,14,18.13,14,7999,2.465
6/8/2021 17:00,109702,11.62,14.05,11.19,86.1,90.2,67.05,6.993,0.504,281.5,87.5,152.8,0,10.16,8.04,14.05,11.19,14.05,11.19,7999,1.973
6/8/2021 18:00,109703,12.59,13.79,11.56,87.8,90.8,83.5,0.001,0.001,281.9,234.8,473.3,0,11.29,9.91,13.79,11.56,13.79,11.56,7999,1.415
6/8/2021 19:00,109704,13.95,14.46,13.22,81.2,86.2,66.45,0.001,0.001,280.6,187.3,265.6,0,11.62,7.916,14.46,13.22,14.46,13.22,7999,0.83
6/8/2021 20:00,109705,12.48,14.26,11.05,69.82,77.62,61.67,4.116,0.081,282.3,43.06,121.1,0,9.27,5.308,14.26,11.05,14.26,11.05,5105,0.259
6/8/2021 21:00,109706,10.4,11.46,9.87,77.94,82.5,71.29,2.359,0.011,281.9,1.446,8.32,0,7.475,5.915,11.46,9.87,11.46,9.87,90.6,0
6/8/2021 22:00,109707,9.14,10.18,8.18,86.8,90.2,77.67,0.001,0.001,282,0,0,0,7.491,6.319,10.18,8.18,10.18,8.18,-0.028,0
6/8/2021 23:00,109708,8.17,9.13,7.909,88.2,90.1,79.23,0.001,0.001,282.1,0,0,0,6.759,5.679,9.13,7.909,9.13,7.909,-0.028,0
6/9/2021 0:00,109709,8.34,9.16,7.656,84.1,88.8,79.3,0.001,0.001,282.2,0,0,0,6.049,5.581,9.16,7.656,9.16,7.656,-0.028,0
6/9/2021 1:00,109710,7.166,7.791,6.409,91.7,94.6,88.3,0.001,0.001,282.1,0,0,0,6.163,5.595,7.791,6.409,7.791,6.409,-0.027,0
6/9/2021 2:00,109711,5.959,6.477,5.581,95.6,96.7,94.4,0.001,0.001,282.1,0,0,0,5.663,4.965,6.477,5.581,6.477,5.581,-0.026,0
6/9/2021 3:00,109712,5.606,5.852,5.344,97.1,97.7,96.5,0.001,0.001,282,0,0,0,5.37,4.948,5.852,5.344,5.852,5.344,-0.025,0
6/9/2021 4:00,109713,5.467,5.716,5.157,97.7,98.1,97.4,0.001,0.001,282,0.037,0.406,0,5.4,4.864,5.716,5.157,5.716,5.157,2.022,0
6/9/2021 5:00,109714,4.966,5.31,4.734,98.3,98.8,97.8,0.001,0.001,281.9,8.23,20.5,0,5.009,4.503,5.31,4.734,5.31,4.734,796.5,0.104
6/9/2021 6:00,109715,6.114,7.656,4.971,97.9,98.7,96.4,0.001,0.001,277.3,126.4,211.8,0,7.158,4.73,7.656,4.971,7.656,4.971,7999,0.624
6/9/2021 7:00,109716,9.65,11.9,7.656,87.4,96.7,73.56,0.001,0.001,272.6,304.7,554.5,0,8.5,6.992,11.9,7.656,11.9,7.656,7999,1.208
6/9/2021 8:00,109717,12.53,12.97,11.86,70.98,75.89,67.76,3.158,0.03,277.6,424.9,734.6,0,8.19,6.852,12.97,11.86,12.97,11.86,7999,1.78
6/9/2021 9:00,109718,13.28,14.63,12.57,65.78,70.56,60.49,2.678,0.081,278.1,622.3,975,0,8.11,6.319,14.63,12.57,14.63,12.57,7999,2.299
6/9/2021 10:00,109719,13.82,14.87,13.26,62.09,65.66,58.42,0.001,0.001,272.9,326.1,1050,0,8.14,5.925,14.87,13.26,14.87,13.26,7999,2.732
6/9/2021 11:00,109720,13,14,11.27,71.48,85.7,61.71,2.518,0.133,274.2,253.7,364.6,0,9.52,6.327,14,11.27,14,11.27,7999,3.048
6/9/2021 12:00,109721,13.39,15.11,11.35,77.56,86.9,57.62,1.24,0.005,281,521.6,1431,0,10.7,6.7,15.11,11.35,15.11,11.35,7999,3.226
6/9/2021 13:00,109722,16.27,17.66,14.26,49.94,68.38,43.32,2.518,0.026,281.7,894,1273,0,8.66,3.729,17.66,14.26,17.66,14.26,7999,3.254
6/9/2021 14:00,109723,16.84,18.18,14.8,45.62,63.29,36.18,4.756,0.727,283.4,609.3,1140,0,7.987,2.535,18.18,14.8,18.18,14.8,7999,3.13
6/9/2021 15:00,109724,14.27,15,13.24,63.81,73.96,57.75,6.034,1.073,283.6,328.6,1183,0,8.9,6.149,15,13.24,15,13.24,7999,2.862
6/9/2021 16:00,109725,11.35,13.25,10.55,84.6,90.6,72.85,1.24,0.005,281.9,65.47,145.1,0,9.35,8.13,13.25,10.55,13.25,10.55,7602,2.469
6/9/2021 17:00,109726,12.38,14.38,10.75,86.6,91.2,73.34,0.001,0.001,282.5,333.4,617.2,0.254,11.2,9.31,14.38,10.75,14.38,10.75,7999,1.977
6/9/2021 18:00,109727,14,14.79,13.18,75.7,80.4,69.77,2.518,0.039,283.5,250.4,504.2,0,11.33,8.3,14.79,13.18,14.79,13.18,7999,1.42
6/9/2021 19:00,109728,13.23,13.76,12.81,79.43,82.5,72.11,0.601,0.002,282.7,128.8,229,0,10.52,8.37,13.76,12.81,13.76,12.81,7999,0.836
6/9/2021 20:00,109729,12.02,13.42,10.51,86,90.6,81,0.001,0.001,282.6,43.17,127.2,0,10.5,9.02,13.42,10.51,13.42,10.51,5098,0.264
6/9/2021 21:00,109730,10.14,10.65,9.65,92.1,93.1,90.6,0.001,0.001,282.6,1.526,6.695,0,9.27,8.45,10.65,9.65,10.65,9.65,95.4,0
6/9/2021 22:00,109731,9.8,10.11,9.5,88.4,92.8,82.6,0.001,0.001,282.6,0,0,0,8.64,7.258,10.11,9.5,10.11,9.5,-0.029,0
6/9/2021 23:00,109732,10.06,10.65,9.33,81.9,86.4,76.32,2.998,0.009,282.8,0,0,0,7.527,6.566,10.65,9.33,10.65,9.33,-0.029,0
6/10/2021 0:00,109733,9.01,9.4,8.69,87.1,90,84.5,0.001,0.001,282.7,0,0,0,7.284,6.722,9.4,8.69,9.4,8.69,-0.028,0
6/10/2021 1:00,109734,7.958,8.84,7.521,91.5,93,88.6,0.001,0.001,282.7,0,0,0,7.078,6.358,8.84,7.521,8.84,7.521,-0.027,0
6/10/2021 2:00,109735,7.5,7.894,6.78,91.3,94.1,88.9,0.001,0.001,282.5,0,0,0,6.535,5.885,7.894,6.78,7.894,6.78,-0.027,0
6/10/2021 3:00,109736,6.342,6.916,5.818,95.6,96.7,94,0.001,0.001,282.5,0,0,0,6.031,5.311,6.916,5.818,6.916,5.818,-0.026,0
6/10/2021 4:00,109737,5.653,5.97,5.327,97.2,97.7,96.7,0.001,0.001,282.5,0.041,0.406,0,5.51,4.974,5.97,5.327,5.97,5.327,2.251,0
6/10/2021 5:00,109738,5.429,5.852,5.242,97.9,98.1,97.5,0.001,0.001,281.7,14.6,40.78,0,5.56,4.927,5.852,5.242,5.852,5.242,1434,0.105
6/10/2021 6:00,109739,6.969,7.537,5.784,97.1,98.1,96.5,0.001,0.001,273.9,79.76,149.1,0,7.032,5.477,7.537,5.784,7.537,5.784,7999,0.626
6/10/2021 7:00,109740,8.42,9.57,7.435,94.7,96.5,92,0.001,0.001,274,117.7,172.2,0,8.35,6.9,9.57,7.435,9.57,7.435,7999,1.209
6/10/2021 8:00,109741,10.47,11.22,9.43,85.5,91.9,80.8,1.879,0.035,279.2,221,274.9,0,8.38,7.831,11.22,9.43,11.22,9.43,7999,1.78
6/10/2021 9:00,109742,12.4,13.11,11.09,76.34,81.8,72.17,2.199,0.008,282.1,438.2,1004,0,9.05,7.961,13.11,11.09,13.11,11.09,7999,2.3
6/10/2021 10:00,109743,12.7,13.95,10.5,71.85,83.1,62.72,7.153,0.472,284.7,269.2,889,0,8.69,6.461,13.95,10.5,13.95,10.5,7999,2.733
6/10/2021 11:00,109744,12.58,14.75,10.57,73.43,84.7,60.28,2.838,0.059,291.1,649.4,1227,0,9.5,6.463,14.75,10.57,14.75,10.57,7999,3.049
6/10/2021 12:00,109745,13.49,14.33,12.54,70.32,85.9,58.93,0.001,0.001,290.9,323.1,1335,0,10.9,6.218,14.33,12.54,14.33,12.54,7999,3.227
6/10/2021 13:00,109746,14.49,14.97,13.49,66.08,82.1,59.37,2.518,0.047,290.7,488.4,1277,0,10.66,6.723,14.97,13.49,14.97,13.49,7999,3.256
6/10/2021 14:00,109747,14.77,15.54,14.09,62.13,72.53,55.41,3.637,0.013,290.4,347.2,1054,0,9.66,6.469,15.54,14.09,15.54,14.09,7999,3.132
6/10/2021 15:00,109748,15.82,16.85,14.32,57.94,73.8,41.77,3.637,0.114,290.6,554,1187,0,10.07,3.625,16.85,14.32,16.85,14.32,7999,2.865
6/10/2021 16:00,109749,17.04,17.42,16.52,43.58,52.04,40.11,4.756,0.413,290.4,622.3,933,0,7.052,3.445,17.42,16.52,17.42,16.52,7999,2.472
6/10/2021 17:00,109750,17.65,18.55,16.81,39.59,47.99,35.13,3.477,0.046,291.9,412.1,767.7,0,6.509,2.523,18.55,16.81,18.55,16.81,7999,1.981
6/10/2021 18:00,109751,16.94,17.27,16.44,42.55,47.93,39.7,2.518,0.02,289.2,222.8,311,0,6.007,3.089,17.27,16.44,17.27,16.44,7999,1.425
6/10/2021 19:00,109752,15.99,16.54,15.66,47.66,53.16,44.39,3.158,0.371,278.5,86.8,122.5,0,6.423,4.196,16.54,15.66,16.54,15.66,7999,0.841
6/10/2021 20:00,109753,14.79,15.82,13.57,56.83,64.1,48.1,0.001,0.001,278.7,17.81,40.37,0,7.548,4.654,15.82,13.57,15.82,13.57,2240,0.27
6/10/2021 21:00,109754,12.97,13.6,12.49,69.41,75.02,61.58,0.001,0.001,279,0.513,3.246,0,8.33,6.171,13.6,12.49,13.6,12.49,34.37,0
6/10/2021 22:00,109755,11.68,12.56,10.94,77.61,82.5,73.8,0.001,0.001,279.2,0,0,0,8.36,7.506,12.56,10.94,12.56,10.94,-0.031,0
6/10/2021 23:00,109756,10.63,11.11,10.33,84.1,86.2,82.5,0.001,0.001,279.4,0,0,0,8.38,7.794,11.11,10.33,11.11,10.33,-0.029,0
6/11/2021 0:00,109757,10.08,10.41,9.7,87.2,88,85.9,0.001,0.001,279.6,0,0,0,8.36,7.724,10.41,9.7,10.41,9.7,-0.029,0
6/11/2021 1:00,109758,9.74,9.87,9.57,88.7,90,87.1,0.001,0.001,279.6,0,0,0,8.28,7.584,9.87,9.57,9.87,9.57,-0.028,0
6/11/2021 2:00,109759,9.88,10.06,9.72,89,89.8,88.2,0.001,0.001,279.7,0,0,0,8.36,7.955,10.06,9.72,10.06,9.72,-0.029,0
6/11/2021 3:00,109760,9.74,10.21,9.26,88.3,90.3,85.4,0.001,0.001,279.7,0,0,0,8.2,7.624,10.21,9.26,10.21,9.26,-0.029,0
6/11/2021 4:00,109761,9.2,9.45,8.96,90.5,91.2,89.7,0.001,0.001,279.7,0,0,0,7.869,7.573,9.45,8.96,9.45,8.96,-0.028,0
6/11/2021 5:00,109762,9.11,9.33,8.92,91.6,92.1,91.1,0.001,0.001,279.7,4.442,20.08,0,8.02,7.572,9.33,8.92,9.33,8.92,486.5,0.106
6/11/2021 6:00,109763,9.37,9.67,9.16,92.3,93,91.6,0.001,0.001,279.6,29.35,63.91,0,8.6,7.888,9.67,9.16,9.67,9.16,3237,0.627
6/11/2021 7:00,109764,9.9,10.28,9.6,92.5,93.2,91.2,0.001,0.001,279.5,59.37,84.6,0,8.98,8.51,10.28,9.6,10.28,9.6,6642,1.21
6/11/2021 8:00,109765,10.43,10.69,10.18,92.1,92.9,91.3,0.001,0.001,279.4,86,113,0,9.55,8.87,10.69,10.18,10.69,10.18,7999,1.781
6/11/2021 9:00,109766,10.96,11.46,10.55,92.1,92.8,91.1,0.001,0.001,279.4,141.5,197,0,10.16,9.37,11.46,10.55,11.46,10.55,7999,2.3
6/11/2021 10:00,109767,11.3,11.49,11.05,92.2,93.1,91.3,0.601,0.002,279.4,126.8,213.6,0,10.4,9.86,11.49,11.05,11.49,11.05,7999,2.733
6/11/2021 11:00,109768,11.2,11.55,11.02,92.5,93.5,91.4,0.441,0.003,279.2,95.5,208.8,0,10.49,9.71,11.55,11.02,11.55,11.02,7999,3.05
6/11/2021 12:00,109769,11.68,12,11.39,90.5,92.8,87.6,0.001,0.001,279.4,235.3,330.5,0.254,10.4,9.73,12,11.39,12,11.39,7999,3.228
6/11/2021 13:00,109770,11.94,12.13,11.79,89.7,91.2,88.4,0.441,0.002,279.6,190.1,273.3,0,10.63,9.96,12.13,11.79,12.13,11.79,7999,3.257
6/11/2021 14:00,109771,11.81,12,11.56,92.2,92.8,90.9,3.158,0.142,279.1,155.7,225,0,10.84,10.3,12,11.56,12,11.56,7999,3.134
6/11/2021 15:00,109772,12.14,12.78,11.73,93.1,93.9,92.2,0.001,0.001,279,164.3,333.3,0.254,11.8,10.56,12.78,11.73,12.78,11.73,7999,2.867
6/11/2021 16:00,109773,13.06,13.38,12.54,91.6,93.7,90.2,0.001,0.001,279.4,152.1,432.8,0,12.06,11.28,13.38,12.54,13.38,12.54,7999,2.475
6/11/2021 17:00,109774,13.14,14.04,12.52,92.3,93.1,90.7,0.001,0.001,279.3,201.2,499.7,0,12.65,11.31,14.04,12.52,14.04,12.52,7999,1.985
6/11/2021 18:00,109775,14.13,14.41,13.94,89.5,91.3,88.2,0.001,0.001,279.8,175.5,428.9,0,12.96,12.11,14.41,13.94,14.41,13.94,7999,1.429
6/11/2021 19:00,109776,14.18,14.51,13.51,88.3,90.8,86.8,0.001,0.001,279.8,107.6,368.6,0,12.67,12,14.51,13.51,14.51,13.51,7999,0.846
6/11/2021 20:00,109777,13.07,13.58,12.67,92.4,93.9,90.5,0.001,0.001,279.1,21.5,67.97,0,12.12,11.69,13.58,12.67,13.58,12.67,2602,0.275
6/11/2021 21:00,109778,12.52,12.78,12.23,94.4,94.8,93.8,0.92,0.002,279,0.37,1.623,0,11.84,11.4,12.78,12.23,12.78,12.23,24.52,0
6/11/2021 22:00,109779,11.93,12.37,11.63,95.1,95.4,94.7,0.001,0.001,279,0,0,0,11.57,10.9,12.37,11.63,12.37,11.63,-0.028,0
6/11/2021 23:00,109780,11.55,11.76,11.42,95.5,95.7,95.3,0.001,0.001,279,0,0,0,11.06,10.74,11.76,11.42,11.76,11.42,-0.028,0
6/12/2021 0:00,109781,11.35,11.53,11.11,95.7,95.9,95.5,0.001,0.001,279,0,0,0,10.86,10.47,11.53,11.11,11.53,11.11,-0.028,0
6/12/2021 1:00,109782,10.92,11.29,10.55,95.9,96.2,95.7,0.001,0.001,279,0,0,0,10.68,9.95,11.29,10.55,11.29,10.55,-0.028,0
6/12/2021 2:00,109783,10.52,10.82,10.08,96.3,96.5,96.1,0.001,0.001,279,0,0,0,10.29,9.52,10.82,10.08,10.82,10.08,-0.028,0
6/12/2021 3:00,109784,10.36,10.69,9.94,96.5,96.6,96.3,0.001,0.001,278.9,0,0,0,10.14,9.42,10.69,9.94,10.69,9.94,-0.028,0
6/12/2021 4:00,109785,10.26,10.58,10.01,96.5,96.7,96.3,0.001,0.001,278.9,0.042,0.609,0,10.05,9.49,10.58,10.01,10.58,10.01,2.624,0
6/12/2021 5:00,109786,10.29,10.6,9.99,96.6,96.8,96.4,0.001,0.001,278.7,7.756,14.81,0,10.12,9.48,10.6,9.99,10.6,9.99,877,0.107
6/12/2021 6:00,109787,10.3,10.62,10.08,96.6,96.8,96.4,0.001,0.001,278.7,42.95,92.7,0,10.12,9.57,10.62,10.08,10.62,10.08,4857,0.628
6/12/2021 7:00,109788,10.89,11.39,10.52,96.6,96.8,96.3,0.001,0.001,278.7,121.3,280.6,0,10.87,10.01,11.39,10.52,11.39,10.52,7999,1.211
6/12/2021 8:00,109789,11.83,12.25,11.22,96.1,96.7,95.6,0.001,0.001,279.3,233.8,586.9,0,11.67,10.7,12.25,11.22,12.25,11.22,7999,1.781
6/12/2021 9:00,109790,12.15,12.67,11.66,95.8,96.7,95.2,2.518,0.028,279.4,296.3,773.6,0,12.02,11.02,12.67,11.66,12.67,11.66,7999,2.3
6/12/2021 10:00,109791,13.57,14.63,12.57,92.3,95.9,86.2,0.001,0.001,279.3,457.5,1016,0,12.86,11.88,14.63,12.57,14.63,12.57,7999,2.733
6/12/2021 11:00,109792,15.34,17.22,14.49,83.8,87,76.58,3.477,0.139,279.2,673,1133,0,13.72,12.14,17.22,14.49,17.22,14.49,7999,3.05
6/12/2021 12:00,109793,16.73,17.35,16.03,75.8,80.5,69.05,5.235,0.298,278,799.9,1246,0,13.51,11.34,17.35,16.03,17.35,16.03,7999,3.229
6/12/2021 13:00,109794,18.52,19.47,17.32,64.89,72.55,59.23,3.637,0.158,279.4,890,1132,0,12.94,11.23,19.47,17.32,19.47,17.32,7999,3.258
6/12/2021 14:00,109795,19.93,20.88,19.2,58.86,66.22,55.28,4.436,0.299,279.5,895,970,0,13.07,10.99,20.88,19.2,20.88,19.2,7999,3.136
6/12/2021 15:00,109796,20.44,21,19.92,56.72,60.9,53.18,3.477,0.106,278.3,482.6,727.4,0,13.03,10.86,21,19.92,21,19.92,7999,2.87
6/12/2021 16:00,109797,20.51,21.1,20.09,55.45,61.41,52.91,3.477,0.207,278.1,356.6,455.4,0,12.95,10.45,21.1,20.09,21.1,20.09,7999,2.478
6/12/2021 17:00,109798,20.33,20.53,20.12,55.83,60.13,53.04,2.199,0.008,278,228.8,266.3,0,12.39,10.42,20.53,20.12,20.53,20.12,7999,1.988
6/12/2021 18:00,109799,20.15,20.53,19.23,57.78,69.69,52.72,0.001,0.001,278,128.9,182,0,13.9,10.39,20.53,19.23,20.53,19.23,7999,1.433
6/12/2021 19:00,109800,18.71,19.38,17.69,68.93,77.67,59.7,0.001,0.001,278.3,38.27,72.82,0,13.95,11.2,19.38,17.69,19.38,17.69,5205,0.85
6/12/2021 20:00,109801,16.3,17.76,15.01,85.7,91.1,76.92,0.001,0.001,278.4,5.367,13.59,0,14.34,13.49,17.76,15.01,17.76,15.01,697,0.28
6/12/2021 21:00,109802,15.17,15.4,14.98,93.3,94.5,91.1,0.001,0.001,278.4,0.209,1.42,0,14.39,13.64,15.4,14.98,15.4,14.98,14.7,0
6/12/2021 22:00,109803,15,15.16,14.81,94.7,94.9,94.3,0.001,0.001,278.3,0,0,0,14.35,14,15.16,14.81,15.16,14.81,-0.029,0
6/12/2021 23:00,109804,14.79,14.98,14.59,95,95.3,94.8,0.001,0.001,278.2,0,0,0.254,14.23,13.83,14.98,14.59,14.98,14.59,-0.029,0
6/13/2021 0:00,109805,14.54,14.74,14.37,95.3,95.5,95,1.4,0.01,278.2,0,0,0,13.99,13.64,14.74,14.37,14.74,14.37,-0.029,0
6/13/2021 1:00,109806,14.41,14.57,14.27,95.4,95.5,95.2,0.001,0.001,278.1,0,0,0,13.85,13.56,14.57,14.27,14.57,14.27,-0.029,0
6/13/2021 2:00,109807,14.34,14.47,14.21,95.6,95.9,95.4,0.001,0.001,278.1,0,0,0,13.82,13.52,14.47,14.21,14.47,14.21,-0.029,0
6/13/2021 3:00,109808,14.32,14.49,14.2,95.8,96,95.5,0.001,0.001,278,0,0,0.254,13.85,13.53,14.49,14.2,14.49,14.2,-0.029,0
6/13/2021 4:00,109809,14.39,14.55,14.23,95.6,96,95.4,4.276,0.287,277.4,0,0,0,13.9,13.52,14.55,14.23,14.55,14.23,-0.025,0
6/13/2021 5:00,109810,14.28,14.4,14.15,95.5,95.6,95.4,0.001,0.001,277.3,2.279,7.506,0,13.71,13.45,14.4,14.15,14.4,14.15,283.6,0.108
6/13/2021 6:00,109811,14.2,14.33,14.04,95.5,95.7,95.3,0.001,0.001,277.3,11.15,29.01,0.254,13.64,13.35,14.33,14.04,14.33,14.04,1385,0.629
6/13/2021 7:00,109812,14.01,14.23,13.79,95.4,95.6,95.2,0.001,0.001,277.5,30.49,69.99,0.254,13.55,13.06,14.23,13.79,14.23,13.79,3772,1.211
6/13/2021 8:00,109813,13.96,14.13,13.76,95,95.4,94.4,0.001,0.001,277.3,82.5,140.8,0,13.34,12.98,14.13,13.76,14.13,13.76,7999,1.781
6/13/2021 9:00,109814,14,14.21,13.82,94.5,94.9,94.1,0.92,0.016,277.2,84.5,153.2,0,13.37,12.95,14.21,13.82,14.21,13.82,7999,2.3
6/13/2021 10:00,109815,14.29,14.6,14.08,93.6,94.3,92.5,0.001,0.001,277.6,162.4,236.7,0,13.54,13.08,14.6,14.08,14.6,14.08,7999,2.733
6/13/2021 11:00,109816,14.79,15.29,14.35,90.8,93.2,87.9,0.001,0.001,278.5,292.4,619,0,13.68,12.95,15.29,14.35,15.29,14.35,7999,3.05
6/13/2021 12:00,109817,15.17,15.37,14.97,89.8,91.5,87.7,2.359,0.069,278.7,240,356.9,0,13.89,13.07,15.37,14.97,15.37,14.97,7999,3.23
6/13/2021 13:00,109818,15.07,15.27,14.9,91.5,92.6,90.3,2.838,0.224,278.3,165.4,279,0.254,13.92,13.43,15.27,14.9,15.27,14.9,7999,3.259
6/13/2021 14:00,109819,14.81,15.14,14.6,92.2,92.9,91.6,0.001,0.001,277.7,106.3,146.3,0.254,13.96,13.33,15.14,14.6,15.14,14.6,7999,3.137
6/13/2021 15:00,109820,14.78,14.96,14.6,93.3,93.9,92.5,0.001,0.001,277.4,71.12,96,0.254,13.88,13.57,14.96,14.6,14.96,14.6,7999,2.872
6/13/2021 16:00,109821,14.88,15.13,14.6,93.9,94.3,93.5,0.001,0.001,277.3,100.7,127.2,0.254,14.19,13.63,15.13,14.6,15.13,14.6,7999,2.481
6/13/2021 17:00,109822,15.21,15.35,15.06,93.9,94.3,93.5,0.001,0.001,277.3,87.7,149.9,0,14.37,14.09,15.35,15.06,15.35,15.06,7999,1.992
6/13/2021 18:00,109823,15.52,15.94,15.16,94,94.5,93.3,1.4,0.033,277.4,120.2,263.5,0,14.98,14.2,15.94,15.16,15.94,15.16,7999,1.437
6/13/2021 19:00,109824,15.75,15.94,15.56,93.5,93.9,93.2,1.879,0.069,277.5,68.38,93.3,0,14.91,14.53,15.94,15.56,15.94,15.56,7999,0.855
6/13/2021 20:00,109825,15.68,15.83,15.45,94.1,94.6,93.6,0.001,0.001,277.3,26.92,49.91,0,14.91,14.57,15.83,15.45,15.83,15.45,3452,0.285
6/13/2021 21:00,109826,15.37,15.62,14.99,94.9,95.3,94.5,0.001,0.001,277.3,1.115,4.058,0,14.8,14.2,15.62,14.99,15.62,14.99,78.86,0
6/13/2021 22:00,109827,14.86,15.16,14.55,94.6,95.1,94.3,0.001,0.001,277.3,0,0,0,14.37,13.71,15.16,14.55,15.16,14.55,-0.029,0
6/13/2021 23:00,109828,14.32,14.67,14.11,95,95.2,94.6,0.001,0.001,277.5,0,0,0,13.84,13.35,14.67,14.11,14.67,14.11,-0.029,0
6/14/2021 0:00,109829,14.17,14.3,14.01,95,95.2,94.8,0.001,0.001,277.4,0,0,0,13.53,13.21,14.3,14.01,14.3,14.01,-0.029,0
6/14/2021 1:00,109830,14.04,14.2,13.88,94.9,95.2,94.7,0.001,0.001,277.3,0,0,0,13.39,13.1,14.2,13.88,14.2,13.88,-0.029,0
6/14/2021 2:00,109831,13.83,13.99,13.69,94,95.2,92.4,2.998,0.15,277.6,0,0,0,13.24,12.55,13.99,13.69,13.99,13.69,-0.027,0
6/14/2021 3:00,109832,13.74,13.96,13.49,92.6,93.8,91.9,0.001,0.001,277.9,0,0,0,12.72,12.47,13.96,13.49,13.96,13.49,-0.029,0
6/14/2021 4:00,109833,13.5,13.64,13.35,94.4,94.9,93.7,0.001,0.001,277.9,0,0.203,0,12.75,12.44,13.64,13.35,13.64,13.35,-0.01,0
6/14/2021 5:00,109834,13.38,13.5,13.27,94.7,95,94.4,0.001,0.001,277.8,4.158,16.84,0,12.71,12.44,13.5,13.27,13.5,13.27,507.1,0.108
6/14/2021 6:00,109835,13.41,13.55,13.25,93.7,94.5,93.1,0.001,0.001,277.9,20.51,40.78,0,12.66,12.18,13.55,13.25,13.55,13.25,2503,0.629
6/14/2021 7:00,109836,13.23,13.52,13.06,92.3,93.3,91.2,0.001,0.001,278.4,85.1,186.9,0,12.29,11.83,13.52,13.06,13.52,13.06,7999,1.211
6/14/2021 8:00,109837,13.6,13.82,13.39,89.9,91.2,89.2,0.001,0.001,279,128.5,199.8,0,12.19,11.8,13.82,13.39,13.82,13.39,7999,1.781
6/14/2021 9:00,109838,14.22,14.53,13.6,87.5,90.8,84.5,0.001,0.001,279.1,284.3,673.3,0,12.64,11.71,14.53,13.6,14.53,13.6,7999,2.3
6/14/2021 10:00,109839,14.85,15.58,14.33,84.8,86.2,82.7,0.001,0.001,279.3,174.7,260.3,0,13.09,11.83,15.58,14.33,15.58,14.33,7999,2.733
6/14/2021 11:00,109840,16.21,17.05,15.41,79.43,84.8,74.43,0.001,0.001,279.3,437.4,1152,0,13.47,11.96,17.05,15.41,17.05,15.41,7999,3.05
6/14/2021 12:00,109841,16.85,17.23,16.03,77.39,83.2,74.56,2.678,0.316,280.5,344,810,0,13.37,12.46,17.23,16.03,17.23,16.03,7999,3.23
6/14/2021 13:00,109842,16.78,17.88,16.03,78.5,83.9,71.11,2.998,0.137,280.7,425.2,1381,0,13.75,12.41,17.88,16.03,17.88,16.03,7999,3.26
6/14/2021 14:00,109843,17.55,17.86,17.25,73.46,77.34,70.05,2.998,0.055,280.8,339.7,704.5,0,13.58,12.18,17.86,17.25,17.86,17.25,7999,3.139
6/14/2021 15:00,109844,18.09,18.57,17.61,74.52,78.07,70.69,0.441,0.002,281,446.1,871,0,14.13,12.97,18.57,17.61,18.57,17.61,7999,2.874
6/14/2021 16:00,109845,19.35,20.48,18.4,69.13,74.88,63.41,0.001,0.001,281,452.6,942,0,14.48,13.1,20.48,18.4,20.48,18.4,7999,2.484
6/14/2021 17:00,109846,18.77,20.07,17.62,74.19,81.8,63.93,0.001,0.001,279.9,184.2,686.2,0,15.33,12.83,20.07,17.62,20.07,17.62,7999,1.995
6/14/2021 18:00,109847,16.18,17.66,15.6,87.9,91.3,79.28,0.761,0.004,279.8,132.3,423.2,0,14.8,13.65,17.66,15.6,17.66,15.6,7999,1.441
6/14/2021 19:00,109848,15.84,16.33,15.36,90.1,92.3,88.1,0.001,0.001,279.8,61.85,100.8,0,14.8,14.04,16.33,15.36,16.33,15.36,7958,0.859
6/14/2021 20:00,109849,15.32,15.64,14.54,85.3,92.7,69.99,3.317,0.031,279.8,34,88.7,0,14.43,10,15.64,14.54,15.64,14.54,4316,0.289
6/14/2021 21:00,109850,12.99,14.6,12,88.6,93.1,76.61,0.001,0.001,279.9,2.027,9.13,0,11.5,10.38,14.6,12,14.6,12,136,0
6/14/2021 22:00,109851,11.72,12.07,11.24,93.5,94.1,92.8,0.001,0.001,279.6,0,0,0,11.02,10.25,12.07,11.24,12.07,11.24,-0.029,0
6/14/2021 23:00,109852,10.69,11.33,10.11,94.4,95.1,93.6,0.001,0.001,279.5,0,0,0,10.38,9.34,11.33,10.11,11.33,10.11,-0.028,0
6/15/2021 0:00,109853,10.35,10.65,9.92,95.4,95.6,94.9,0.001,0.001,279.4,0,0,0,9.98,9.21,10.65,9.92,10.65,9.92,-0.028,0
6/15/2021 1:00,109854,10.12,10.52,9.77,95.8,96.3,95.4,0.001,0.001,279.3,0,0,0,9.85,9.18,10.52,9.77,10.52,9.77,-0.028,0
6/15/2021 2:00,109855,9.81,10.01,9.53,96.3,96.6,96,0.001,0.001,279.3,0,0,0,9.47,9.01,10.01,9.53,10.01,9.53,-0.028,0
6/15/2021 3:00,109856,9.63,9.89,9.37,96.6,96.9,96.4,0.001,0.001,279.2,0,0,0,9.41,8.88,9.89,9.37,9.89,9.37,-0.028,0
6/15/2021 4:00,109857,9.36,9.5,9.23,96.9,97.1,96.7,0.001,0.001,279.2,0.034,0.406,0,9.06,8.78,9.5,9.23,9.5,9.23,2.027,0
6/15/2021 5:00,109858,9.4,9.67,9.23,97,97.2,96.8,0.001,0.001,279.1,29.77,80.7,0,9.24,8.77,9.67,9.23,9.67,9.23,3286,0.108
6/15/2021 6:00,109859,10.62,11.51,9.6,96.5,97.1,95.7,0.001,0.001,278.4,141.1,235.5,0,10.96,9.15,11.51,9.6,11.51,9.6,7999,0.629
6/15/2021 7:00,109860,12.07,13.27,11.29,94.4,96.1,87.9,0.001,0.001,278.1,220.4,428.5,0,11.72,10.65,13.27,11.29,13.27,11.29,7999,1.21
6/15/2021 8:00,109861,13.93,14.24,13.23,81.9,88,76.8,3.637,0.048,279.6,252.4,446.4,0,11.4,10.06,14.24,13.23,14.24,13.23,7999,1.78
6/15/2021 9:00,109862,15.1,15.61,14.16,74.88,78.83,70.88,4.276,0.572,279,378.2,936,0,11.62,9.99,15.61,14.16,15.61,14.16,7999,2.299
6/15/2021 10:00,109863,15.31,15.61,14.39,74.74,80.7,72.4,3.957,0.221,279.2,196.9,289.5,0,11.61,10.39,15.61,14.39,15.61,14.39,7999,2.732
6/15/2021 11:00,109864,14.78,16,13.85,80,86.4,71.74,4.116,0.45,278,530.2,1333,0,12.3,10.77,16,13.85,16,13.85,7999,3.05
6/15/2021 12:00,109865,15.26,16.09,14.41,82.3,89.3,75.5,4.436,0.287,280.5,469.1,1256,0,13.83,11.36,16.09,14.41,16.09,14.41,7999,3.23
6/15/2021 13:00,109866,15.96,16.73,15.41,77.93,83.7,72.2,2.838,0.049,280.5,324.1,1291,0,12.98,11.28,16.73,15.41,16.73,15.41,7999,3.261
6/15/2021 14:00,109867,14.93,15.78,14.31,84.6,87.5,81.1,3.158,0.042,278.2,352.9,1168,0,13.43,11.87,15.78,14.31,15.78,14.31,7999,3.14
6/15/2021 15:00,109868,15.66,17.03,14.87,82.5,87.6,76.16,3.158,0.151,280.7,392.9,1214,0,13.65,11.94,17.03,14.87,17.03,14.87,7999,2.876
6/15/2021 16:00,109869,17.7,18.25,17,68.3,78.69,59.92,5.395,0.668,292.4,602.7,1100,0,13.85,10.2,18.25,17,18.25,17,7999,2.487
6/15/2021 17:00,109870,17.55,18.3,16.4,60.14,65.04,54.41,7.153,2.012,294.1,380.9,697.2,0.254,11.57,8.49,18.3,16.4,18.3,16.4,7999,1.998
6/15/2021 18:00,109871,17.17,17.9,16.32,61.94,68.32,55.85,4.596,0.107,289.3,311.9,620.4,0,10.93,8.86,17.9,16.32,17.9,16.32,7999,1.444
6/15/2021 19:00,109872,17.27,18.05,15.92,59.69,64.85,55.85,0.92,0.003,292.5,180,339.4,0,10.96,8.85,18.05,15.92,18.05,15.92,7999,0.863
6/15/2021 20:00,109873,15.09,15.98,14.33,68.8,73.34,63.47,4.756,0.523,283.5,32.03,141.4,0,9.82,8.92,15.98,14.33,15.98,14.33,3888,0.293
6/15/2021 21:00,109874,13.56,14.57,12.27,77.12,84.4,70.55,0.001,0.001,283.5,2.166,10.35,0,9.94,9.16,14.57,12.27,14.57,12.27,147.3,0
6/15/2021 22:00,109875,11.45,12.34,10.82,88.6,91.6,84.3,0.001,0.001,283.5,0,0,0,9.84,9.47,12.34,10.82,12.34,10.82,-0.029,0
6/15/2021 23:00,109876,10.43,10.92,9.97,93,94.2,91.5,0.001,0.001,283.5,0,0,0,9.64,9.05,10.92,9.97,10.92,9.97,-0.028,0
6/16/2021 0:00,109877,9.9,10.14,9.67,94.8,95.3,94,0.001,0.001,283.5,0,0,0,9.38,8.87,10.14,9.67,10.14,9.67,-0.028,0
6/16/2021 1:00,109878,10.38,10.65,9.84,95,95.2,94.7,0.001,0.001,283.4,0,0,0,9.89,9.08,10.65,9.84,10.65,9.84,-0.028,0
6/16/2021 2:00,109879,10.18,10.55,9.77,95,95.6,94.6,0.001,0.001,283.3,0,0,0,9.78,9.08,10.55,9.77,10.55,9.77,-0.028,0
6/16/2021 3:00,109880,9.44,9.87,9.03,96,96.4,95.4,0.001,0.001,283.3,0,0,0,9.19,8.47,9.87,9.03,9.87,9.03,-0.028,0
6/16/2021 4:00,109881,8.85,9.11,8.59,96.6,97,96.2,0.001,0.001,283.3,0.068,0.812,0,8.57,8.1,9.11,8.59,9.11,8.59,4.108,0
6/16/2021 5:00,109882,8.55,8.72,8.38,97.1,97.3,96.8,1.08,0.025,283,13.45,29.82,0,8.3,7.948,8.72,8.38,8.72,8.38,1447,0.108
6/16/2021 6:00,109883,9.32,10.35,8.52,96.7,97.4,95.5,0.001,0.001,282.7,102.2,177.5,0,9.78,8.08,10.35,8.52,10.35,8.52,7999,0.628
6/16/2021 7:00,109884,10.61,11.48,9.7,95.9,96.3,95.3,0.441,0.002,282.2,90,132.5,0,10.79,9.1,11.48,9.7,11.48,9.7,7999,1.21
6/16/2021 8:00,109885,11.98,12.47,11.39,93.2,95.5,88.6,0.601,0.002,282.9,173.1,343.1,0,11.33,10.52,12.47,11.39,12.47,11.39,7999,1.779
6/16/2021 9:00,109886,13.74,14.77,12.4,79.46,89.2,73.42,2.998,0.149,277.3,499.7,869,0,11.15,9.66,14.77,12.4,14.77,12.4,7999,2.299
6/16/2021 10:00,109887,14.3,14.83,13.71,75.95,79.61,71.91,2.678,0.046,278.8,535,684.9,0,10.75,9.54,14.83,13.71,14.83,13.71,7999,2.732
6/16/2021 11:00,109888,15.85,16.83,14.73,67.03,74.31,61.02,2.359,0.058,275,716.4,1014,0,10.8,8.94,16.83,14.73,16.83,14.73,7999,3.05
6/16/2021 12:00,109889,16.81,17.72,16.2,60.03,66.42,55.32,5.235,0.666,277.1,911,1028,0,10.42,8.21,17.72,16.2,17.72,16.2,7999,3.23
6/16/2021 13:00,109890,18.29,19.33,17.49,52.97,60.23,49.72,5.395,1.725,281,936,941,0,9.97,7.611,19.33,17.49,19.33,17.49,7999,3.262
6/16/2021 14:00,109891,19.49,20.35,18.67,50.41,56,46.71,5.714,2.202,284.4,900,927,0,10.4,8.2,20.35,18.67,20.35,18.67,7999,3.141
6/16/2021 15:00,109892,20.5,21.2,19.43,47.06,54,43.95,5.235,1.313,285.1,816,865,0,10.58,8.28,21.2,19.43,21.2,19.43,7999,2.878
6/16/2021 16:00,109893,21.38,21.91,20.91,43.81,49.26,40.83,6.034,0.945,285.4,693.6,762.1,0,10.43,7.743,21.91,20.91,21.91,20.91,7999,2.489
6/16/2021 17:00,109894,21.79,22.35,21.37,43.02,48.56,40.74,4.756,1.607,288.1,539.8,621.9,0,10.55,7.885,22.35,21.37,22.35,21.37,7999,2.001
6/16/2021 18:00,109895,21.48,21.73,21.24,44.57,48.99,42.05,4.436,1.181,286.4,368.3,456.2,0,10.43,8.15,21.73,21.24,21.73,21.24,7999,1.448
6/16/2021 19:00,109896,21.15,21.55,20.84,46.36,50.79,44.25,3.317,0.972,283.8,200.6,280.9,0,10.59,8.49,21.55,20.84,21.55,20.84,7999,0.866
6/16/2021 20:00,109897,19.16,20.99,16.68,55.34,67.41,45.69,2.039,0.027,283.6,45.46,125.6,0,11.14,8.49,20.99,16.68,20.99,16.68,6222,0.297
6/16/2021 21:00,109898,14.95,16.68,13.66,72.49,79.59,65.03,0.001,0.001,284,2.052,8.72,0,10.45,9.51,16.68,13.66,16.68,13.66,143.9,0.001
6/16/2021 22:00,109899,12.75,13.69,11.97,83,85.8,79.11,0.001,0.001,284.3,0,0,0,10.28,9.63,13.69,11.97,13.69,11.97,-0.03,0
6/16/2021 23:00,109900,11.52,12.11,10.85,86.5,89.3,83.6,0.001,0.001,284.5,0,0,0,9.71,9.05,12.11,10.85,12.11,10.85,-0.029,0
6/17/2021 0:00,109901,10.49,11.02,9.81,91.1,92.9,89.1,0.001,0.001,284.5,0,0,0,9.37,8.68,11.02,9.81,11.02,9.81,-0.029,0
6/17/2021 1:00,109902,9.71,9.97,9.4,94,95,92.7,0.001,0.001,284.6,0,0,0,9.05,8.56,9.97,9.4,9.97,9.4,-0.028,0
6/17/2021 2:00,109903,9.12,9.53,8.74,95.3,96.1,94.6,0.001,0.001,284.6,0,0,0,8.76,8.11,9.53,8.74,9.53,8.74,-0.027,0
6/17/2021 3:00,109904,8.73,8.92,8.59,96.3,96.7,95.7,0.001,0.001,284.6,0,0,0,8.35,8.03,8.92,8.59,8.92,8.59,-0.027,0
6/17/2021 4:00,109905,8.34,8.69,8.04,96.8,97.3,96.4,0.001,0.001,284.6,0.077,0.812,0,8.19,7.578,8.69,8.04,8.69,8.04,4.554,0
6/17/2021 5:00,109906,8.15,8.3,7.909,97.2,97.5,97,0.001,0.001,284.5,8.97,19.68,0,7.901,7.5,8.3,7.909,8.3,7.909,957,0.108
6/17/2021 6:00,109907,9.42,11.01,8.15,96.6,97.7,94.5,0.001,0.001,280.3,125.1,208,0,10.31,7.737,11.01,8.15,11.01,8.15,7999,0.628
6/17/2021 7:00,109908,13.57,15.11,10.95,80.9,94.7,69.44,0.001,0.001,272.6,283.3,362.1,0,11.05,8.67,15.11,10.95,15.11,10.95,7999,1.209
6/17/2021 8:00,109909,15.23,16.25,14.43,69.35,74.4,62.67,2.359,0.204,272.3,446.3,530.7,0,10.71,8.53,16.25,14.43,16.25,14.43,7999,1.778
6/17/2021 9:00,109910,16.67,17.54,15.71,60.87,65.76,58.01,2.838,0.352,272.2,609,683.8,0,9.88,8.5,17.54,15.71,17.54,15.71,7999,2.298
6/17/2021 10:00,109911,18.41,18.96,17.47,54.92,62.71,51.31,2.838,0.127,275.1,751.1,812,0,10.67,8.3,18.96,17.47,18.96,17.47,7999,2.731
6/17/2021 11:00,109912,20.07,20.84,18.88,49.28,55.29,39.53,0.001,0.001,281.6,857,897,0,10.99,6.261,20.84,18.88,20.84,18.88,7999,3.049
6/17/2021 12:00,109913,21.51,22.25,20.32,42,51.78,39.14,4.116,0.885,280.1,922,938,0,10.89,6.516,22.25,20.32,22.25,20.32,7999,3.23
6/17/2021 13:00,109914,22.24,23.18,21.61,41.39,48.53,38.17,4.596,1.145,283.7,934,940,0,10.4,7.812,23.18,21.61,23.18,21.61,7999,3.262
6/17/2021 14:00,109915,23.04,23.89,22.45,39.65,48.02,34.89,4.756,1.894,284.1,895,923,0,11.35,7.339,23.89,22.45,23.89,22.45,7999,3.142
6/17/2021 15:00,109916,24.22,24.72,23.72,34.3,40.96,32.17,5.075,1.726,284.9,812,862,0,10.23,6.751,24.72,23.72,24.72,23.72,7999,2.879
6/17/2021 16:00,109917,24.88,25.45,24.35,32.1,39.24,29.12,1.879,0.043,285.9,689.9,766.9,0,10.13,5.835,25.45,24.35,25.45,24.35,7999,2.491
6/17/2021 17:00,109918,25.26,25.69,24.76,31.29,37.72,27.53,4.276,1.12,284.1,523.7,621.3,0,9.75,5.201,25.69,24.76,25.69,24.76,7999,2.004
6/17/2021 18:00,109919,25.14,25.53,24.69,32.29,35.65,30.12,3.158,0.261,283.4,364.8,526.5,0,9.03,6.631,25.53,24.69,25.53,24.69,7999,1.451
6/17/2021 19:00,109920,23.35,25.5,21.73,38.89,43.73,31.98,5.235,1.232,284.1,138.4,278.1,0,10,7.293,25.5,21.73,25.5,21.73,7999,0.869
6/17/2021 20:00,109921,20.66,21.8,19.56,42.92,46.7,38.92,5.075,1.745,285.9,40.06,109.7,0,8.2,6.878,21.8,19.56,21.8,19.56,5038,0.3
6/17/2021 21:00,109922,19,19.71,18.16,44.8,48.58,41.6,4.276,0.806,283.3,1.883,10.75,0,8.08,5.521,19.71,18.16,19.71,18.16,115.9,0.001
6/17/2021 22:00,109923,16.54,18.26,15.57,55.36,59.5,45.67,0.001,0.001,282.9,0,0,0,8.74,6.171,18.26,15.57,18.26,15.57,-0.037,0
6/17/2021 23:00,109924,15.15,15.99,14.21,60.88,65.72,57.48,0.001,0.001,283,0,0,0,8.06,7.273,15.99,14.21,15.99,14.21,-0.035,0
6/18/2021 0:00,109925,13.23,14.43,12.11,71.3,77.03,64.9,0.001,0.001,283.3,0,0,0,8.37,7.807,14.43,12.11,14.43,12.11,-0.032,0
6/18/2021 1:00,109926,11.25,12.18,10.45,82.4,86.9,77.03,0.001,0.001,283.6,0,0,0,8.62,8.04,12.18,10.45,12.18,10.45,-0.03,0
6/18/2021 2:00,109927,10.06,10.62,9.64,89,90.9,86.6,0.001,0.001,283.7,0,0,0,8.56,8.14,10.62,9.64,10.62,9.64,-0.029,0
6/18/2021 3:00,109928,9.21,9.74,8.82,92.5,94,90.6,0.001,0.001,283.7,0,0,0,8.31,7.882,9.74,8.82,9.74,8.82,-0.028,0
6/18/2021 4:00,109929,9.23,9.97,8.52,94.3,95.3,93.6,0.001,0.001,283.7,0.052,0.812,0,9.04,7.695,9.97,8.52,9.97,8.52,3.136,0
6/18/2021 5:00,109930,9.53,10.21,8.89,93.4,94.5,92.3,0.001,0.001,283.6,9.29,20.08,0,9.15,7.995,10.21,8.89,10.21,8.89,1030,0.108
6/18/2021 6:00,109931,10.27,12.85,8.92,92.7,94.8,84.1,0.001,0.001,283.3,123.4,205.1,0,10.66,8.08,12.85,8.92,12.85,8.92,7999,0.627
6/18/2021 7:00,109932,13.52,14.02,12.85,76.78,84.3,73.59,0.001,0.001,282,276.7,358.9,0,10.56,9.11,14.02,12.85,14.02,12.85,7999,1.208
6/18/2021 8:00,109933,14.81,16.09,13.72,71.14,77.55,62.45,2.518,0.028,270.8,442.7,525.9,0,10.49,8.61,16.09,13.72,16.09,13.72,7999,1.777
6/18/2021 9:00,109934,15.67,16.15,15.21,65.1,69.62,62.69,3.797,0.097,272.2,602.4,676,0,10.02,8.68,16.15,15.21,16.15,15.21,7999,2.296
6/18/2021 10:00,109935,16.45,17.54,15.78,62.29,67.02,57.17,4.276,0.856,276.1,752.1,876,0,10.07,8.76,17.54,15.78,17.54,15.78,7999,2.73
6/18/2021 11:00,109936,17.66,18.84,17.1,57.25,62.65,51.67,3.637,0.693,274.9,820,890,0,10.35,8.57,18.84,17.1,18.84,17.1,7999,3.048
6/18/2021 12:00,109937,19.52,20.63,18.5,49.91,54.98,45.05,3.477,0.278,279.6,909,928,0,10.33,8.06,20.63,18.5,20.63,18.5,7999,3.23
6/18/2021 13:00,109938,21,21.99,19.96,46.81,52.55,44.39,3.637,0.206,283.8,925,931,0,10.95,8.3,21.99,19.96,21.99,19.96,7999,3.262
6/18/2021 14:00,109939,22.49,23.37,21.62,43.39,48.9,39.44,4.116,0.156,284.6,890,916,0,11.41,8.48,23.37,21.62,23.37,21.62,7999,3.143
6/18/2021 15:00,109940,23.16,24.25,22.61,41.04,49.07,38.53,0.601,0.002,287.6,794.5,856,0,11.55,8.63,24.25,22.61,24.25,22.61,7999,2.881
6/18/2021 16:00,109941,23.57,23.94,23.03,40.99,45.13,38.26,5.714,1.529,289.1,679.6,743.4,0,11.26,8.65,23.94,23.03,23.94,23.03,7999,2.493
6/18/2021 17:00,109942,22.77,23.37,22.05,44.14,47.67,42.06,5.874,2.021,290.7,484.6,616.4,0,11.21,9.24,23.37,22.05,23.37,22.05,7999,2.006
6/18/2021 18:00,109943,21.45,22.18,21.03,48.22,51.28,44.18,6.833,3.04,292.1,323.2,396.9,0,10.94,9.26,22.18,21.03,22.18,21.03,7999,1.453
6/18/2021 19:00,109944,20.18,21.17,19.54,51.66,54.22,49.33,6.194,2.656,289.7,172.2,250.9,0,10.54,9.46,21.17,19.54,21.17,19.54,7999,0.872
6/18/2021 20:00,109945,18.24,19.64,16.94,58.25,63.84,52.74,6.194,1.953,285.7,43.36,114.2,0,10.28,9.37,19.64,16.94,19.64,16.94,5104,0.303
6/18/2021 21:00,109946,15.99,17.04,15.15,66.96,70.11,63.51,0.441,0.002,284.8,2.468,11.97,0,10.13,9.63,17.04,15.15,17.04,15.15,176.8,0.001
6/18/2021 22:00,109947,14.54,15.25,13.89,71.64,73.44,69.67,0.001,0.001,284.9,0,0,0,9.82,9.21,15.25,13.89,15.25,13.89,-0.033,0
6/18/2021 23:00,109948,13.36,13.99,12.71,75.95,78.95,73.26,0.001,0.001,285.1,0,0,0,9.34,9.07,13.99,12.71,13.99,12.71,-0.032,0
6/19/2021 0:00,109949,12.03,12.81,11.28,82.3,85.4,78.92,0.001,0.001,285.2,0,0,0,9.28,8.87,12.81,11.28,12.81,11.28,-0.03,0
6/19/2021 1:00,109950,10.7,11.4,10.21,88.5,91,85.3,0.001,0.001,285.4,0,0,0,9.1,8.67,11.4,10.21,11.4,10.21,-0.029,0
6/19/2021 2:00,109951,10.01,10.35,9.47,92.2,93.7,90.9,0.001,0.001,285.4,0,0,0,9.01,8.42,10.35,9.47,10.35,9.47,-0.028,0
6/19/2021 3:00,109952,9.29,9.67,8.96,94.3,95.1,93.5,0.001,0.001,285.4,0,0,0,8.7,8.17,9.67,8.96,9.67,8.96,-0.028,0
6/19/2021 4:00,109953,8.85,9.2,8.48,95.4,96.1,94.9,0.001,0.001,285.4,0.035,0.406,0,8.47,7.858,9.2,8.48,9.2,8.48,2.1,0
6/19/2021 5:00,109954,8.74,9.06,8.5,96.1,96.4,95.8,0.001,0.001,285.3,11.25,35.91,0,8.48,7.912,9.06,8.5,9.06,8.5,1220,0.107
6/19/2021 6:00,109955,9.82,10.52,8.99,95.6,96.2,94.5,0.761,0.004,285.2,79.37,154,0,9.74,8.4,10.52,8.99,10.52,8.99,7999,0.625
6/19/2021 7:00,109956,11.2,12.51,10.35,91.4,94.5,84.9,0.001,0.001,285.1,169.9,433.2,0,10.6,9.47,12.51,10.35,12.51,10.35,7999,1.206
6/19/2021 8:00,109957,13.77,14.87,12.49,78.55,85.1,73.42,1.56,0.005,285.1,366.5,561,0,11.08,9.69,14.87,12.49,14.87,12.49,7999,1.776
6/19/2021 9:00,109958,15.31,16,14.43,72.13,77.27,67.64,0.001,0.001,284.5,589.1,679.8,0,11.1,10,16,14.43,16,14.43,7999,2.295
6/19/2021 10:00,109959,16.4,18.25,15.44,68.99,74.47,62.06,0.441,0.002,284,727.4,782.8,0,11.8,10.21,18.25,15.44,18.25,15.44,7999,2.729
6/19/2021 11:00,109960,18.67,20.21,17.66,61.97,68.81,57.1,2.518,0.025,284.1,831,874,0,12.87,10.41,20.21,17.66,20.21,17.66,7999,3.048
6/19/2021 12:00,109961,20.19,21.11,19.36,58.22,62.78,55.25,3.637,0.065,284.3,898,919,0,13.42,11.27,21.11,19.36,21.11,19.36,7999,3.23
6/19/2021 13:00,109962,21.52,22.36,20.77,54.89,63.04,51.9,0.001,0.001,285.2,838,1067,0,14.2,11.54,22.36,20.77,22.36,20.77,7999,3.262
6/19/2021 14:00,109963,22.36,23.33,21.78,50.7,58.53,45.67,0.92,0.004,285.8,773.8,1048,0,13.47,10.57,23.33,21.78,23.33,21.78,7999,3.144
6/19/2021 15:00,109964,23.62,24.62,22.66,46.09,51.56,42.49,0.001,0.001,286.1,796.4,845,0,12.95,10.71,24.62,22.66,24.62,22.66,7999,2.882
6/19/2021 16:00,109965,24.43,25.63,23.64,44.15,50.39,40.66,0.001,0.001,286.2,675.4,742,0,13.03,10.86,25.63,23.64,25.63,23.64,7999,2.495
6/19/2021 17:00,109966,24.28,25.18,23.39,47.4,51.83,42.94,5.075,1.69,287,527,604.4,0,13.71,11.59,25.18,23.39,25.18,23.39,7999,2.008
6/19/2021 18:00,109967,23.04,23.71,22.44,51.37,55.05,48.85,5.714,2.417,288.3,357.8,444,0,13.31,12.05,23.71,22.44,23.71,22.44,7999,1.456
6/19/2021 19:00,109968,21.7,22.61,20.77,57.06,60.98,52.66,5.395,1.976,285.5,193.3,272.4,0,13.23,12.35,22.61,20.77,22.61,20.77,7999,0.875
6/19/2021 20:00,109969,19.84,20.88,18.83,64.53,68.82,59.96,5.395,0.973,284.2,45.4,120.7,0,13.11,12.69,20.88,18.83,20.88,18.83,5897,0.306
6/19/2021 21:00,109970,17.87,18.9,16.96,72.15,75.3,68.65,1.4,0.008,284,2.322,9.53,0,13.05,12.53,18.9,16.96,18.9,16.96,172.3,0.001
6/19/2021 22:00,109971,16.43,17.13,15.86,77.32,79.45,75,4.596,1.322,282.5,0,0,0,12.71,12.3,17.13,15.86,17.13,15.86,-0.006,0
6/19/2021 23:00,109972,15.39,15.96,14.86,81.4,83.4,79.42,2.838,0.158,284.3,0,0,0,12.44,12.05,15.96,14.86,15.96,14.86,-0.028,0
6/20/2021 0:00,109973,14.52,14.94,14.13,84.9,86.4,83.4,0.001,0.001,284.3,0,0,0,12.19,11.85,14.94,14.13,14.94,14.13,-0.031,0
6/20/2021 1:00,109974,13.91,14.27,13.59,87.3,88.7,86,0.001,0.001,284.4,0,0,0,11.98,11.73,14.27,13.59,14.27,13.59,-0.03,0
6/20/2021 2:00,109975,13.25,13.79,12.85,90.4,92,88.4,0.001,0.001,284.3,0,0,0,11.96,11.54,13.79,12.85,13.79,12.85,-0.029,0
6/20/2021 3:00,109976,12.56,12.95,12.24,92.8,93.8,91.9,0.001,0.001,284.2,0,0,0,11.7,11.23,12.95,12.24,12.95,12.24,-0.029,0
6/20/2021 4:00,109977,11.93,12.4,11.53,94.1,94.7,93.5,0.001,0.001,284.2,0.091,0.811,0,11.39,10.72,12.4,11.53,12.4,11.53,5.909,0
6/20/2021 5:00,109978,11.47,11.7,11.28,95,95.3,94.5,0.001,0.001,284.2,8.56,18.87,0,10.88,10.55,11.7,11.28,11.7,11.28,998,0.106
6/20/2021 6:00,109979,12.45,14.32,11.24,94.8,95.8,90.4,0.001,0.001,284,123.4,205.5,0,12.95,10.53,14.32,11.24,14.32,11.24,7999,0.624
6/20/2021 7:00,109980,16.04,17.84,14.18,79.44,90.3,70.43,0.001,0.001,284.5,275.5,355.8,0,13.52,11.95,17.84,14.18,17.84,14.18,7999,1.204
6/20/2021 8:00,109981,17.93,18.47,17.28,68.99,72.7,65.81,3.477,0.556,275.8,440.2,523.3,0,12.85,11.85,18.47,17.28,18.47,17.28,7999,1.774
6/20/2021 9:00,109982,18.84,19.27,18.3,65.39,68.71,63.26,2.838,0.145,270.3,600.9,674.1,0,12.96,11.86,19.27,18.3,19.27,18.3,7999,2.293
6/20/2021 10:00,109983,19.86,20.5,19.15,63.36,66.59,61.51,3.637,0.047,271.5,739.8,799.8,0,13.89,12.1,20.5,19.15,20.5,19.15,7999,2.727
6/20/2021 11:00,109984,21.5,23.03,20.41,58.34,64.66,52.18,0.441,0.002,275.1,846,886,0,14.61,12.28,23.03,20.41,23.03,20.41,7999,3.047
6/20/2021 12:00,109985,22.98,23.76,22.18,52.01,56.8,48.36,3.797,0.049,279.9,912,930,0,13.98,11.82,23.76,22.18,23.76,22.18,7999,3.229
6/20/2021 13:00,109986,24.24,25.23,23.11,48.21,54.43,43.93,3.957,0.196,281.6,926,933,0,14.15,11.55,25.23,23.11,25.23,23.11,7999,3.263
6/20/2021 14:00,109987,25.1,25.89,24.55,44.57,49.9,39.8,5.395,1.723,283.2,890,917,0,14.47,10.9,25.89,24.55,25.89,24.55,7999,3.145
6/20/2021 15:00,109988,26.12,26.77,25.47,41.83,48.65,38.65,6.194,1.942,282.7,809,857,0,14.56,11.39,26.77,25.47,26.78,25.47,7999,2.883
6/20/2021 16:00,109989,26.96,27.36,26.51,39.2,45.03,36.74,4.596,1.312,283.6,685.8,754.5,0,14.09,11.12,27.36,26.51,27.36,26.51,7999,2.496
6/20/2021 17:00,109990,27.12,27.64,26.79,37.53,42.76,35.72,4.596,1.372,283.3,531.8,614,0,13.59,10.68,27.64,26.79,27.64,26.79,7999,2.01
6/20/2021 18:00,109991,26.57,27.06,26.32,39.14,42.43,37.42,4.116,0.586,283.4,364.2,451.5,0,12.96,10.81,27.06,26.32,27.06,26.32,7999,1.458
6/20/2021 19:00,109992,26.14,26.56,25.78,38.65,42.83,36.98,0.001,0.001,283.1,197.7,278.1,0,12.34,10.33,26.56,25.78,26.56,25.78,7999,0.877
6/20/2021 20:00,109993,24.45,25.96,22.17,43.82,53.03,37.31,0.001,0.001,283,46.51,124.9,0,12.54,10.06,25.96,22.17,25.96,22.17,6933,0.308
6/20/2021 21:00,109994,20.57,22.23,19.31,58.96,66.05,52.5,0.001,0.001,283.4,1.985,8.92,0,12.97,11.58,22.23,19.31,22.23,19.31,154.8,0.001
6/20/2021 22:00,109995,18.65,19.41,18.04,67.61,71.61,64.89,0.001,0.001,283.7,0,0,0,13.08,12.01,19.41,18.04,19.41,18.04,-0.034,0
6/20/2021 23:00,109996,17.64,18.26,16.96,72.66,75.56,69.94,0.001,0.001,283.9,0,0,0,13.5,12.08,18.26,16.96,18.26,16.96,-0.033,0
6/21/2021 0:00,109997,16.61,17.06,15.99,75.83,78.61,73.19,0.001,0.001,284.1,0,0,0,12.69,11.89,17.06,15.99,17.06,15.99,-0.032,0
6/21/2021 1:00,109998,15.46,16.14,14.98,81.5,83.7,77.12,0.001,0.001,284.2,0,0,0,12.54,12.02,16.14,14.98,16.14,14.98,-0.031,0
6/21/2021 2:00,109999,14.72,15.01,14.38,84.8,86,82.9,0.001,0.001,284.3,0,0,0,12.43,11.95,15.01,14.38,15.01,14.38,-0.031,0
6/21/2021 3:00,110000,14.13,14.49,13.86,86.4,87.4,85.5,0.001,0.001,284.3,0,0,0,12.19,11.66,14.49,13.86,14.49,13.86,-0.03,0
6/21/2021 4:00,110001,13.59,13.99,13.09,87.5,89.5,85.6,0.001,0.001,284.3,0.045,0.406,0,11.84,11.3,13.99,13.09,13.99,13.09,3,0
6/21/2021 5:00,110002,12.84,13.24,12.51,90.3,91.6,88.9,0.001,0.001,284.4,8.14,19.27,0,11.55,11.13,13.24,12.51,13.24,12.51,980,0.105
6/21/2021 6:00,110003,14.6,17.55,12.53,84.5,91.7,71.39,0.001,0.001,284.4,113,191.7,0,12.54,11.18,17.55,12.53,17.55,12.53,7999,0.622
6/21/2021 7:00,110004,20,21.31,17.58,64.77,71.73,50.1,0.001,0.001,283.9,272.4,355.8,0,14.94,10.3,21.31,17.58,21.31,17.58,7999,1.202
6/21/2021 8:00,110005,21.87,22.86,21.27,50.59,61.44,45.75,0.001,0.001,282.8,438.5,521.3,0,14.18,10.31,22.86,21.27,22.86,21.27,7999,1.772
6/21/2021 9:00,110006,21.36,21.95,21,51.25,57.31,48.48,3.957,0.05,274.6,598.5,672,0,12.45,10.17,21.95,21,21.95,21,7999,2.291
6/21/2021 10:00,110007,22.67,23.27,21.82,47.15,52.85,44.21,3.797,1.107,271.1,735.8,793.5,0,12.41,10.29,23.27,21.82,23.27,21.82,7999,2.726
6/21/2021 11:00,110008,24.18,25.33,23.1,44.08,53.69,41.14,3.158,0.022,271.6,839,880,0,13.69,10.44,25.33,23.1,25.33,23.1,7999,3.045
6/21/2021 12:00,110009,26.42,27.6,25.05,39.77,46.18,36.36,3.957,0.378,272.2,904,921,0,14.16,10.41,27.6,25.05,27.6,25.05,7999,3.228
6/21/2021 13:00,110010,28.25,29.26,27.16,35.91,44.28,33,2.359,0.015,277.1,917,923,0,15.11,10.51,29.26,27.16,29.26,27.16,7999,3.262
6/21/2021 14:00,110011,29.98,30.93,28.59,32.29,37.75,30.19,0.92,0.008,282.8,879,908,0,13.4,10.36,30.93,28.59,30.93,28.59,7999,3.145
6/21/2021 15:00,110012,31.85,33.14,30.37,29.87,35.23,27.75,0.001,0.001,282.7,789.9,843,0,15.21,11.29,33.14,30.37,33.14,30.37,7999,2.884
6/21/2021 16:00,110013,32.56,33.31,31.89,28.33,33.14,26.81,0.001,0.001,282.9,673.7,734.2,0,14.32,11,33.31,31.89,33.31,31.89,7999,2.498
6/21/2021 17:00,110014,32.21,32.82,31.59,29.82,34.59,27.23,5.235,0.305,286,519.6,601,0,14.84,11.25,32.82,31.59,32.82,31.59,7999,2.012
6/21/2021 18:00,110015,30.99,31.72,30.18,29.82,31.61,27.72,6.673,2.4,288.9,354.7,434.3,0,12.7,10.3,31.72,30.18,31.72,30.18,7999,1.46
6/21/2021 19:00,110016,29.19,30.32,28,35.13,38.03,31.02,5.714,2.317,286.4,190,269.8,0,13.55,11.22,30.32,28,30.32,28,7999,0.88
6/21/2021 20:00,110017,26.85,28.07,25.75,39.88,43.41,36.72,5.395,2.265,284,46.05,116,0,12.63,11.52,28.07,25.75,28.07,25.75,6315,0.31
6/21/2021 21:00,110018,23.87,25.79,22.19,51.09,57.43,42.67,3.477,0.283,283.5,2.671,11.16,0,14.15,12.01,25.79,22.19,25.79,22.19,205.4,0.001
6/21/2021 22:00,110019,21.11,22.25,20.22,61.68,65.74,56.33,0.001,0.001,283.9,0,0,0,13.81,13.01,22.25,20.22,22.25,20.22,-0.036,0
6/21/2021 23:00,110020,19.56,20.29,18.9,66.03,67.6,64.03,0.001,0.001,284.2,0,0,0,13.71,12.67,20.29,18.9,20.29,18.9,-0.035,0
6/22/2021 0:00,110021,18.23,18.97,17.5,68.12,69.55,66.54,0.001,0.001,284.3,0,0,0,12.76,11.85,18.97,17.5,18.97,17.5,-0.034,0
6/22/2021 1:00,110022,16.87,17.63,16.16,72.81,76.51,69.04,0.001,0.001,284.5,0,0,0,12.15,11.8,17.63,16.16,17.63,16.16,-0.033,0
6/22/2021 2:00,110023,15.45,16.23,14.67,80.3,83.9,76.37,2.359,0.017,284.6,0,0,0,12.2,11.94,16.23,14.67,16.23,14.67,-0.031,0
6/22/2021 3:00,110024,14.47,14.77,14.17,84.5,85.3,83.8,0.001,0.001,284.7,0,0,0,12.09,11.72,14.77,14.17,14.77,14.17,-0.031,0
6/22/2021 4:00,110025,13.9,14.32,13.16,86.7,89.4,85.1,0.001,0.001,284.8,0.068,0.812,0,11.94,11.45,14.32,13.16,14.32,13.16,4.663,0
6/22/2021 5:00,110026,12.79,13.33,12.45,91.2,92.5,89.2,0.001,0.001,284.8,8.79,21.3,0,11.64,11.16,13.33,12.45,13.33,12.45,1057,0.104
6/22/2021 6:00,110027,13.92,16.06,12.68,88.6,92.9,78.54,0.001,0.001,284.7,110.3,189.7,0,12.58,11.48,16.06,12.68,16.06,12.68,7999,0.62
6/22/2021 7:00,110028,17.15,18.34,15.99,74.18,78.44,69.48,0.001,0.001,282.5,285.3,474.5,0,13.04,12.22,18.34,15.99,18.34,15.99,7999,1.2
6/22/2021 8:00,110029,17.03,18.24,16.36,75.51,78.65,69.55,0.001,0.001,270.8,341,717.5,0,13.24,12.42,18.24,16.36,18.24,16.36,7999,1.769
6/22/2021 9:00,110030,17.76,18.19,17.48,73.33,75.25,71.33,0.001,0.001,274.6,253.9,963,0,13.38,12.57,18.19,17.48,18.19,17.48,7999,2.289
6/22/2021 10:00,110031,18.39,18.89,17.92,71.91,74.69,69.67,0.441,0.002,284.4,381.8,924,0,14.19,12.82,18.89,17.92,18.89,17.92,7999,2.724
6/22/2021 11:00,110032,18.87,19.78,18.09,71.59,76.18,68.48,2.359,0.023,284.2,529.2,1211,0,14.54,13.19,19.78,18.09,19.78,18.09,7999,3.044
6/22/2021 12:00,110033,20.23,21.12,19.29,67.56,71.96,64.13,4.276,0.564,284.8,844,1142,0,15.13,13.6,21.12,19.29,21.12,19.29,7999,3.228
6/22/2021 13:00,110034,20.68,21.22,20.29,67.03,71.07,64.5,6.354,3.438,287,914,920,0,15.58,13.84,21.22,20.29,21.22,20.29,7999,3.262
6/22/2021 14:00,110035,21.32,21.92,20.88,64.8,71.1,61.99,6.034,3.039,286.3,878,904,0,15.82,14.05,21.92,20.88,21.92,20.88,7999,3.145
6/22/2021 15:00,110036,22.5,23.21,21.49,59.07,65.21,53.8,5.555,2.69,287.9,801,846,0,15.59,13.14,23.21,21.49,23.21,21.49,7999,2.885
6/22/2021 16:00,110037,22.83,23.19,22.5,55.89,59.72,53.82,6.034,3.149,290.4,691,754,0,14.71,13.03,23.19,22.5,23.19,22.5,7999,2.499
6/22/2021 17:00,110038,23.1,23.55,22.72,54.65,58.52,51.09,5.714,2.293,290.3,534.9,620.9,0,14.53,12.67,23.55,22.72,23.55,22.72,7999,2.013
6/22/2021 18:00,110039,22.74,23.48,22.13,54.07,56.37,51.72,4.596,1.72,290.7,365.8,450.5,0,13.91,12.46,23.48,22.13,23.48,22.13,7999,1.462
6/22/2021 19:00,110040,21.42,22.34,20.36,58.8,63.25,54.18,4.436,1.97,286.9,204.4,280.9,0,13.62,12.53,22.34,20.36,22.34,20.36,7999,0.881
6/22/2021 20:00,110041,19.33,20.83,17.84,66.73,72.43,61.39,5.555,1.176,285.9,51.54,130.6,0,13.58,12.81,20.83,17.84,20.83,17.84,6538,0.312
6/22/2021 21:00,110042,16.61,17.9,15.77,75.58,78.83,72.39,4.276,0.65,284.8,3.113,11.16,0,12.93,11.57,17.9,15.77,17.9,15.77,187.4,0.002
6/22/2021 22:00,110043,14.82,15.81,13.93,81.5,84.6,77.88,1.24,0.026,284.6,0,0,0,12.13,11.34,15.81,13.93,15.81,13.93,-0.031,0
6/22/2021 23:00,110044,13.54,14.06,13.05,85.9,87.9,84.4,2.838,0.064,284.7,0,0,0,11.52,11.07,14.06,13.05,14.06,13.05,-0.029,0
6/23/2021 0:00,110045,12.92,13.17,12.65,88.4,89.5,87.7,0.001,0.001,284.7,0,0,0,11.22,10.9,13.17,12.65,13.17,12.65,-0.03,0
6/23/2021 1:00,110046,12.25,12.75,11.92,91,92.5,89.3,0.001,0.001,284.8,0,0,0,11.06,10.51,12.75,11.92,12.75,11.92,-0.029,0
6/23/2021 2:00,110047,12.59,12.92,12.14,88.7,92,85.9,0.001,0.001,285,0,0,0,11.04,10.51,12.92,12.14,12.92,12.14,-0.03,0
6/23/2021 3:00,110048,12.8,12.99,12.58,85.3,87,83.4,2.998,0.231,285.4,0,0,0,10.79,10.03,12.99,12.58,12.99,12.58,-0.026,0
6/23/2021 4:00,110049,12.64,12.81,12.51,85,85.7,84.2,1.08,0.007,285.2,0.012,0.406,0,10.49,9.99,12.81,12.51,12.81,12.51,0.793,0
6/23/2021 5:00,110050,12.57,12.85,12.37,84.4,85.8,82.7,1.56,0.005,285.3,5.19,14.4,0,10.28,9.69,12.85,12.37,12.85,12.37,620.8,0.102
6/23/2021 6:00,110051,12.41,12.54,12.24,85.5,87.2,82.5,0.761,0.003,285.4,36.09,78.11,0,10.36,9.56,12.54,12.24,12.54,12.24,4301,0.617
6/23/2021 7:00,110052,12.83,13.25,12.44,80.9,82.9,79.89,0.001,0.001,285.2,119.3,134.1,0,10.07,9.39,13.25,12.44,13.25,12.44,7999,1.197
6/23/2021 8:00,110053,13.24,13.49,13.01,81.9,83.3,80.1,2.359,0.067,285.2,151.6,198,0,10.57,9.86,13.49,13.01,13.49,13.01,7999,1.767
6/23/2021 9:00,110054,14.2,15.11,13.39,78.62,82.6,72.93,4.116,0.807,281.3,415.8,913,0,11.23,10.16,15.11,13.39,15.11,13.39,7999,2.287
6/23/2021 10:00,110055,15.74,16.36,14.96,71.9,75.42,68.84,2.518,0.22,284.1,560.4,1300,0,11.71,10.24,16.36,14.96,16.36,14.96,7999,2.722
6/23/2021 11:00,110056,16.46,17.37,15.51,71.05,75.55,68.17,3.797,0.28,284,714.1,1308,0,12.64,10.54,17.37,15.51,17.37,15.51,7999,3.043
6/23/2021 12:00,110057,18.46,20.25,17.16,65.22,74.16,59.61,0.001,0.001,284.2,923,1024,0,13.1,11.14,20.25,17.16,20.25,17.16,7999,3.227
6/23/2021 13:00,110058,19.81,20.3,19.42,62.33,68.61,60.21,2.838,0.021,285.4,933,941,0,14.15,11.89,20.3,19.42,20.3,19.42,7999,3.262
6/23/2021 14:00,110059,20.85,22.14,20.05,59.04,64.55,54.22,3.957,0.513,286.6,900,925,0,13.63,12.11,22.14,20.05,22.14,20.05,7999,3.145
6/23/2021 15:00,110060,22.18,22.46,21.93,51.98,57.62,48.48,5.075,1.806,287.8,824,906,0,13.42,10.92,22.46,21.93,22.46,21.93,7999,2.885
6/23/2021 16:00,110061,22.72,23.34,21.98,48.88,53.56,44.18,5.874,2.674,290.6,702.8,784.2,0,12.65,10.3,23.34,21.98,23.34,21.98,7999,2.5
6/23/2021 17:00,110062,22.93,23.32,22.56,46.65,49.77,43.37,5.395,2.668,290.3,546.2,628.2,0,11.79,10.05,23.32,22.56,23.32,22.56,7999,2.015
6/23/2021 18:00,110063,22.24,22.72,21.71,49.64,52.99,47.62,5.714,2.492,287.6,376,467.8,0,12.49,10.6,22.72,21.71,22.72,21.71,7999,1.463
6/23/2021 19:00,110064,21.17,21.85,20.51,51.14,53.3,49.25,5.395,1.689,285.4,207.9,288.6,0,11.58,10.34,21.85,20.51,21.85,20.51,7999,0.883
6/23/2021 20:00,110065,19.35,20.66,18.19,58.89,64.52,52.82,4.756,1.433,284.2,48.27,131.2,0,11.51,10.6,20.66,18.19,20.66,18.19,6022,0.313
6/23/2021 21:00,110066,17.19,18.26,16.28,68.43,71.85,64.59,0.001,0.001,283.8,1.968,7.506,0,11.53,11.09,18.26,16.28,18.26,16.28,144.5,0.002
6/23/2021 22:00,110067,15.57,16.33,14.87,74.81,76.78,71.82,0.001,0.001,284,0,0,0,11.35,10.82,16.33,14.87,16.33,14.87,-0.033,0
6/23/2021 23:00,110068,14.19,14.94,13.55,79.26,81.9,76.37,0.001,0.001,284,0,0,0,10.88,10.48,14.94,13.55,14.94,13.55,-0.031,0
6/24/2021 0:00,110069,13.22,13.66,12.82,83.5,85.1,81.7,0.001,0.001,284.1,0,0,0,10.71,10.34,13.66,12.82,13.66,12.82,-0.03,0
6/24/2021 1:00,110070,12.44,12.92,11.99,86.7,88,85,0.001,0.001,284.2,0,0,0,10.5,10.07,12.92,11.99,12.92,11.99,-0.03,0
6/24/2021 2:00,110071,11.72,12.12,11.16,89.1,90.9,88,0.001,0.001,284.2,0,0,0,10.27,9.65,12.12,11.16,12.12,11.16,-0.029,0
6/24/2021 3:00,110072,10.82,11.24,10.41,92.3,93.4,90.9,0.001,0.001,284.2,0,0,0,9.87,9.38,11.24,10.41,11.24,10.41,-0.028,0
6/24/2021 4:00,110073,10.42,10.62,10.23,93.9,94.4,93.2,0.001,0.001,284.2,0.063,0.812,0,9.68,9.26,10.62,10.23,10.62,10.23,3.949,0
6/24/2021 5:00,110074,10.24,10.36,10.08,94.6,94.9,94.2,0.001,0.001,284.1,8.62,21.71,0,9.57,9.25,10.36,10.08,10.36,10.08,974,0.1
6/24/2021 6:00,110075,11.34,12.9,10.19,93.3,95.4,87,0.441,0.002,280.2,117.5,201.9,0,11.11,9.4,12.9,10.19,12.9,10.19,7999,0.614
6/24/2021 7:00,110076,14.31,16.46,12.86,79.09,87,69.93,0.001,0.001,273,278.3,351.2,0,11.6,10.43,16.46,12.86,16.46,12.86,7999,1.195
6/24/2021 8:00,110077,15.28,16.02,14.43,76.18,78.63,72.98,1.56,0.011,269.4,396.8,479.4,0,11.85,10.52,16.02,14.43,16.02,14.43,7999,1.764
6/24/2021 9:00,110078,16.83,17.66,15.45,72.37,77.16,68.81,0.001,0.001,270,584.5,658.7,0,12.78,11.17,17.66,15.45,17.66,15.45,7999,2.285
6/24/2021 10:00,110079,17.87,18.86,16.75,70.73,76.31,65.83,0.001,0.001,274.4,722.2,780.8,0,13.76,11.98,18.86,16.75,18.86,16.75,7999,2.72
6/24/2021 11:00,110080,19.84,21.01,18.45,64.44,70.57,59.92,3.477,0.131,277.8,828,875,0,14.29,12.25,21.01,18.45,21.01,18.45,7999,3.041
6/24/2021 12:00,110081,22.21,23.75,20.7,57.62,65.27,51.43,3.317,0.306,281,885,908,0,14.99,12.77,23.75,20.7,23.75,20.7,7999,3.226
6/24/2021 13:00,110082,24.28,25.44,22.9,48.79,55.79,44.96,4.116,0.911,281.7,920,1031,0,15.41,12.12,25.44,22.9,25.44,22.9,7999,3.261
6/24/2021 14:00,110083,25.3,26.18,24.83,46.64,51.25,43.47,3.797,1.316,282.8,807,981,0,14.44,12.29,26.18,24.83,26.18,24.83,7999,3.145
6/24/2021 15:00,110084,26.92,28.12,25.81,44.04,49.56,41.11,2.678,0.096,285.6,791,838,0,15.27,12.89,28.12,25.81,28.16,25.81,7999,2.886
6/24/2021 16:00,110085,27.82,28.39,27.37,42.57,45.71,40.43,3.797,0.571,285.1,671.3,743.2,0,15.15,13.34,28.39,27.37,28.39,27.37,7999,2.501
6/24/2021 17:00,110086,28.17,29.4,27.51,41.39,45.57,38.06,0.001,0.001,285.6,454.1,608.1,0,15.25,13.38,29.4,27.51,29.4,27.51,7999,2.016
6/24/2021 18:00,110087,27.48,28.08,26.68,45.15,51.89,42.31,0.001,0.001,283.6,285.8,453.1,0,16.15,13.72,28.08,26.68,28.19,26.95,7999,1.464
6/24/2021 19:00,110088,26.51,27,25.93,48.27,50.74,46.39,0.001,0.001,283.3,171.5,259.4,0,15.61,13.75,27,25.93,27.25,25.93,7999,0.884
6/24/2021 20:00,110089,24.56,26.03,23.3,54.25,59.12,47.45,0.001,0.001,280.1,39.77,93.3,0,15.38,13.81,26.03,23.3,26.03,23.3,5938,0.314
6/24/2021 21:00,110090,22.26,23.39,21.36,61.76,64.81,57.29,0.001,0.001,280.4,2.009,9.94,0,14.88,14.33,23.39,21.36,23.39,21.36,161.1,0.002
6/24/2021 22:00,110091,20.73,21.46,19.94,67.47,70.55,64.3,0.001,0.001,280.8,0,0,0,14.94,14.2,21.46,19.94,21.46,19.94,-0.034,0
6/24/2021 23:00,110092,19.52,20,18.87,71.78,75.05,70.23,0.001,0.001,280.6,0,0,0,14.54,14.12,20,18.87,20,18.87,-0.033,0
6/25/2021 0:00,110093,18.25,18.97,17.52,77.96,81.2,74.85,0.001,0.001,280.7,0,0,0,14.48,14.23,18.97,17.52,18.97,17.52,-0.032,0
6/25/2021 1:00,110094,17.07,17.65,16.53,83.1,85,80.9,0.001,0.001,280.8,0,0,0,14.4,13.98,17.65,16.53,17.65,16.53,-0.031,0
6/25/2021 2:00,110095,15.99,16.64,15.35,87.1,89.4,84.7,0.001,0.001,280.8,0,0,0,14.15,13.45,16.64,15.35,16.64,15.35,-0.03,0
6/25/2021 3:00,110096,15.24,15.45,15.08,90.5,90.9,89.3,0.001,0.001,280.7,0,0,0,13.86,13.56,15.45,15.08,15.45,15.08,-0.03,0
6/25/2021 4:00,110097,14.94,15.2,14.72,91.4,91.9,90.6,0.001,0.001,280.6,0.025,0.406,0,13.71,13.37,15.2,14.72,15.2,14.72,1.749,0
6/25/2021 5:00,110098,14.55,14.87,14.27,92.2,92.9,91.6,0.001,0.001,280.7,11.54,34.28,0,13.57,13.08,14.87,14.27,14.87,14.27,1445,0.099
6/25/2021 6:00,110099,15.32,16.6,14.49,89.3,92.8,83.3,0.001,0.001,281,98.4,190.9,0,13.8,13.32,16.6,14.49,16.6,14.49,7999,0.611
6/25/2021 7:00,110100,19.22,21.26,16.6,74.25,83.6,67.12,0.001,0.001,278.6,256.8,356.8,0,15.51,13.79,21.26,16.6,21.26,16.6,7999,1.191
6/25/2021 8:00,110101,20.81,22.39,19.95,66.41,74,58.67,0.001,0.001,274.1,424.4,522.1,0,15.4,13.58,22.39,19.95,22.39,19.95,7999,1.761
6/25/2021 9:00,110102,22.03,22.58,21.55,61.28,64.83,57.38,0.001,0.001,270.1,581.1,664.7,0,15.01,13.54,22.58,21.55,22.58,21.55,7999,2.282
6/25/2021 10:00,110103,22.81,23.59,22.38,58.45,64.73,55.93,2.678,0.034,274.5,698.5,777.5,0,15.67,13.61,23.59,22.38,23.59,22.38,7999,2.718
6/25/2021 11:00,110104,24.22,25.15,23.37,54.36,61.48,50.89,3.477,0.448,279.7,821,860,0,15.98,13.68,25.15,23.37,25.15,23.37,7999,3.039
6/25/2021 12:00,110105,25.47,26.39,24.8,51.05,56.03,48.25,3.957,0.535,280.6,884,901,0,15.99,13.9,26.39,24.8,26.39,24.8,7999,3.224
6/25/2021 13:00,110106,26.99,27.79,26.01,47.11,52.14,44.58,4.596,0.61,281.1,900,909,0,15.87,14.19,27.79,26.01,28,26.01,7999,3.26
6/25/2021 14:00,110107,28.18,28.93,27.37,45.09,50.18,42.33,4.116,0.062,282.6,867,892,0,16.72,14.53,28.93,27.37,28.94,27.49,7999,3.145
6/25/2021 15:00,110108,29.1,29.83,28.42,43.33,48.64,40.62,5.874,0.452,281.9,786.3,835,0,17.34,14.85,29.83,28.42,30.23,28.42,7999,2.886
6/25/2021 16:00,110109,30.1,30.79,29.06,41.42,48.94,38.7,3.637,0.36,287.7,668.8,734.3,0,18.39,14.88,30.79,29.06,31.39,29.06,7999,2.501
6/25/2021 17:00,110110,30.3,30.77,29.96,39.28,44.59,35.98,4.915,0.738,281,521.2,598.7,0,16.93,13.93,30.77,29.96,30.77,29.96,7999,2.017
6/25/2021 18:00,110111,30.14,30.57,29.76,37.66,40.24,35.67,3.797,0.542,279.9,357.2,441.2,0,15.43,13.32,30.57,29.76,30.57,29.76,7999,1.465
6/25/2021 19:00,110112,29.78,30.08,29.44,37.45,42.14,35.42,0.001,0.001,279.6,195.5,273.6,0,15.6,12.79,30.08,29.44,30.08,29.44,7999,0.885
6/25/2021 20:00,110113,27.82,30.21,24.8,46.84,57.86,35.42,0.001,0.001,279.6,46.66,123.5,0,16.29,12.67,30.21,24.8,30.21,24.8,7266,0.315
6/25/2021 21:00,110114,23.34,24.85,22.3,61.86,64.67,57.9,0.001,0.001,279.9,2.386,8.72,0,16.2,14.97,24.85,22.3,24.85,22.3,194.4,0.002
6/25/2021 22:00,110115,21.62,22.41,20.77,67.33,72.31,62.44,0.001,0.001,280.3,0,0,0,15.78,14.58,22.41,20.77,22.41,20.77,-0.034,0
6/25/2021 23:00,110116,20.21,20.83,19.63,74.29,77.64,71.63,0.001,0.001,280.5,0,0,0,15.8,15.24,20.83,19.63,20.83,19.63,-0.033,0
6/26/2021 0:00,110117,19.15,19.73,18.6,80.3,82.5,76.46,0.001,0.001,280.6,0,0,0,15.95,15.29,19.73,18.6,19.73,18.6,-0.031,0
6/26/2021 1:00,110118,18.32,18.77,18.02,83.3,84.4,81.9,0.001,0.001,280.8,0,0,0,15.68,15.2,18.77,18.02,18.77,18.02,-0.031,0
6/26/2021 2:00,110119,17.72,18.26,17.26,85.8,87.4,83.4,0.001,0.001,280.8,0,0,0,15.49,15.11,18.26,17.26,18.26,17.26,-0.03,0
6/26/2021 3:00,110120,17.18,17.41,16.94,87.8,88.5,87.1,0.001,0.001,280.8,0,0,0,15.33,14.96,17.41,16.94,17.41,16.94,-0.03,0
6/26/2021 4:00,110121,16.84,17.21,16.53,89.1,89.9,88.1,0.001,0.001,280.7,0.076,0.812,0,15.27,14.87,17.21,16.53,17.21,16.53,5.518,0
6/26/2021 5:00,110122,16.41,16.67,16.25,90.7,91.2,89.8,0.001,0.001,280.7,7.839,18.06,0,15.08,14.75,16.67,16.25,16.67,16.25,1020,0.097
6/26/2021 6:00,110123,17.79,20.37,16.3,85.8,91.3,74.73,0.001,0.001,280.8,98.6,179.5,0,15.8,14.83,20.37,16.3,20.37,16.3,7999,0.608
6/26/2021 7:00,110124,21.95,22.9,20.37,69.44,74.76,64.69,0.001,0.001,279.7,257.3,338.7,0,16.96,15.57,22.9,20.37,22.9,20.37,7999,1.188
6/26/2021 8:00,110125,23.19,24.22,22.7,62.98,68.52,55.63,0.001,0.001,279,421.5,502.8,0,16.85,14.42,24.22,22.7,24.22,22.7,7999,1.758
6/26/2021 9:00,110126,25.31,26.15,24.19,52.54,57.17,50.21,0.001,0.001,278.7,579,652.1,0,16.23,14,26.15,24.19,26.15,24.19,7999,2.279
6/26/2021 10:00,110127,26.84,27.59,26.02,50.2,56.27,45.39,3.797,0.223,278.6,715.9,774.6,0,16.99,14.66,27.59,26.02,27.82,26.02,7999,2.716
6/26/2021 11:00,110128,28.48,29.47,27.27,44.87,49.55,41.92,3.477,0.47,278.5,820,860,0,16.73,14.79,29.47,27.27,29.61,27.42,7999,3.037
6/26/2021 12:00,110129,30.82,32.31,29.33,40.73,47.54,36.13,3.317,0.912,278.7,883,900,0,17.83,15.13,32.31,29.33,32.39,29.33,7999,3.223
6/26/2021 13:00,110130,32.53,33.38,31.75,36.21,41.36,33.22,3.957,1.467,278.7,900,905,0,17.56,14.76,33.38,31.75,33.38,31.75,7999,3.26
6/26/2021 14:00,110131,34.03,35.07,32.62,32.83,40.23,29.48,4.436,0.578,279.9,867,893,0,17.5,14.53,35.07,32.62,35.07,32.62,7999,3.145
6/26/2021 15:00,110132,35.75,36.9,34.73,28.68,33.58,25.62,4.436,0.838,284.9,785,834,0,16.73,13.89,36.9,34.73,36.9,34.73,7999,2.886
6/26/2021 16:00,110133,37.26,37.98,36.05,26.25,30.36,23.49,2.518,0.094,281.7,663.3,729.3,0,16.47,13.51,37.98,36.05,37.98,36.05,7999,2.502
6/26/2021 17:00,110134,37.83,38.32,37.41,24.61,29.28,22.75,1.719,0.064,281.6,516.3,593.9,0,16.86,12.94,38.32,37.41,38.32,37.41,7999,2.017
6/26/2021 18:00,110135,37.78,38.13,37.42,26.73,32.46,24.37,0.001,0.001,281.3,349.7,434.7,0,18.79,14.11,38.13,37.42,38.13,37.42,7999,1.466
6/26/2021 19:00,110136,36.96,38.33,35.5,34.74,39.87,28.47,0.001,0.001,281.4,188.8,266.1,0,20.89,16.79,38.33,35.5,38.33,35.5,7999,0.886
6/26/2021 20:00,110137,32.48,35.63,29.59,47.11,58.11,33.17,0.001,0.001,280.3,46.48,117.1,0,21.06,16.25,35.63,29.59,37.43,31.67,7608,0.315
6/26/2021 21:00,110138,28.21,29.62,27.19,60.48,64.13,57.51,0.001,0.001,278.4,2.548,9.94,0,20.9,18.85,29.62,27.19,31.87,28.37,221.4,0.002
6/26/2021 22:00,110139,26.54,27.31,25.66,64.19,68.5,57.49,0.001,0.001,278.7,0,0,0,19.79,17.95,27.31,25.66,28.71,25.66,-0.033,0
6/26/2021 23:00,110140,25.01,25.79,24.27,70.17,74.29,67.38,0.001,0.001,278.9,0,0,0,19.52,18.88,25.79,24.27,25.79,24.27,-0.032,0
6/27/2021 0:00,110141,23.53,24.39,22.85,76.6,79.99,73.16,0.001,0.001,279.1,0,0,0,19.45,19.03,24.39,22.85,24.39,22.85,-0.031,0
6/27/2021 1:00,110142,22.32,22.9,21.81,82.2,84.3,79.62,0.001,0.001,279.2,0,0,0,19.38,18.9,22.9,21.81,22.9,21.81,-0.03,0
6/27/2021 2:00,110143,21.4,21.92,21.04,85.9,87.5,84,0.001,0.001,279.2,0,0,0,19.16,18.77,21.92,21.04,21.92,21.04,-0.029,0
6/27/2021 3:00,110144,20.85,21.24,20.19,87.7,88.9,87.1,0.001,0.001,279.2,0,0,0,19.1,18.29,21.24,20.19,21.24,20.19,-0.029,0
6/27/2021 4:00,110145,20.04,20.36,19.72,90.2,91.3,88.8,0.001,0.001,279.1,0.064,0.812,0,18.62,18.17,20.36,19.72,20.36,19.72,4.896,0
6/27/2021 5:00,110146,19.68,19.85,19.46,91.7,92.2,91,0.001,0.001,279,8.43,20.09,0,18.48,18.06,19.85,19.46,19.85,19.46,1166,0.094
6/27/2021 6:00,110147,20.57,22.78,19.56,88.5,92,78.59,0.001,0.001,278.8,103.8,178.1,0,19.23,18.17,22.78,19.56,22.78,19.56,7999,0.604
6/27/2021 7:00,110148,23.93,26.19,22.54,72.1,79.73,57.69,0.001,0.001,278,256.2,337.1,0,19.27,16.86,26.19,22.54,26.19,22.54,7999,1.185
6/27/2021 8:00,110149,26.46,27.54,25.54,57.88,63.45,52.21,0.441,0.003,276.6,421.2,503.7,0,18.45,16.76,27.54,25.54,28.27,25.54,7999,1.755
6/27/2021 9:00,110150,27.58,28.4,26.93,53.43,57.39,50.31,0.001,0.001,276.7,580,652,0,18.42,16.68,28.4,26.93,29.2,27.53,7999,2.276
6/27/2021 10:00,110151,29.31,30.71,28.32,48.77,53.9,43.93,0.441,0.002,276.7,718.8,778.2,0,18.77,16.58,30.71,28.32,31.43,28.92,7999,2.713
6/27/2021 11:00,110152,31.9,33.16,30.47,41.41,48.2,37.87,0.92,0.01,276.8,824,864,0,18.51,16.49,33.16,30.47,34.18,30.85,7999,3.035
6/27/2021 12:00,110153,33.63,34.97,32.48,36.97,41.26,33.2,3.317,0.914,277.7,886,903,0,18.94,16.11,34.97,32.48,35.59,32.48,7999,3.221
6/27/2021 13:00,110154,34.97,35.7,34.09,34.14,40.38,32.05,3.317,0.182,279.4,901,908,0,19.46,16.09,35.7,34.09,36.62,34.09,7999,3.259
6/27/2021 14:00,110155,36.67,37.53,35.58,30.96,35.03,28.65,0.761,0.003,280,866,894,0,18.74,15.99,37.53,35.58,37.53,35.58,7999,3.144
6/27/2021 15:00,110156,38.19,38.97,37,28.08,32.29,25.15,0.441,0.002,281,783.1,832,0,18.79,15.26,38.97,37,38.97,37,7999,2.886
6/27/2021 16:00,110157,39.28,40.2,38.67,25.48,30.67,22.27,2.998,0.036,281.2,662.5,729.2,0,18.75,14.17,40.2,38.67,40.2,38.67,7999,2.502
6/27/2021 17:00,110158,39.61,40.13,38.91,24.39,31.21,21.12,0.761,0.002,280.9,514.6,594.4,0,19.8,13.71,40.13,38.91,40.13,38.91,7999,2.018
6/27/2021 18:00,110159,39.44,40.16,38.5,25.67,32.8,22.11,0.001,0.001,280.7,347.6,432,0,20.43,13.8,40.16,38.5,40.16,38.5,7999,1.466
6/27/2021 19:00,110160,37.8,38.64,36.96,32.09,37.31,25.22,0.001,0.001,280.9,186.3,262.5,0,20.57,14.91,38.64,36.96,38.64,36.96,7999,0.886
6/27/2021 20:00,110161,33.5,37.03,30.02,46.67,56.61,33.9,0.001,0.001,280.7,45.94,114.4,0,21.17,18.45,37.03,30.02,39.04,32.12,7592,0.315
6/27/2021 21:00,110162,28.5,30.09,27.28,62.3,66.92,56.82,0.001,0.001,280.6,2.486,9.74,0,21.38,19.8,30.09,27.28,32.49,28.98,216.7,0.002
6/27/2021 22:00,110163,26.39,27.35,25.59,72.09,75.14,66.77,0.001,0.001,281,0,0,0,21.43,20.42,27.35,25.59,29.13,25.59,-0.03,0
6/27/2021 23:00,110164,25.16,25.69,24.74,76.04,77.67,74.32,0.001,0.001,281.2,0,0,0,20.98,19.9,25.69,24.74,25.69,24.74,-0.03,0
6/28/2021 0:00,110165,24.36,24.84,23.52,76.46,78.96,73.21,0.001,0.001,281.4,0,0,0,20.35,19.57,24.84,23.52,24.84,23.52,-0.03,0
6/28/2021 1:00,110166,23.04,23.64,22.54,80.8,83.1,78.2,0.001,0.001,281.6,0,0,0,19.84,19.25,23.64,22.54,23.64,22.54,-0.03,0
6/28/2021 2:00,110167,22.2,22.64,21.8,84.1,85,82.8,0.001,0.001,281.6,0,0,0,19.64,19.09,22.64,21.8,22.64,21.8,-0.029,0
6/28/2021 3:00,110168,21.45,21.98,21.07,85.5,86.7,83.8,0.001,0.001,281.6,0,0,0,19.25,18.54,21.98,21.07,21.98,21.07,-0.029,0
6/28/2021 4:00,110169,20.93,21.21,20.53,85.4,86.3,84,0.001,0.001,281.5,0.056,0.609,0,18.76,18.07,21.21,20.53,21.21,20.53,4.328,0
6/28/2021 5:00,110170,20.76,21.1,20.39,85.7,86.8,84.6,0.001,0.001,281,8.46,20.29,0,18.56,18.09,21.1,20.39,21.1,20.39,1192,0.092
6/28/2021 6:00,110171,21.68,24,20.36,81.6,86.9,70.67,0.001,0.001,278.9,99,178.7,0,18.9,18.03,24,20.36,24,20.36,7999,0.6
6/28/2021 7:00,110172,24.74,27.61,23.4,70.55,76.67,57.73,0.001,0.001,277.3,257.3,338.8,0,19.99,17.75,27.61,23.4,28.76,23.4,7999,1.181
6/28/2021 8:00,110173,29.03,29.68,27.61,51.31,62.03,42.63,0.001,0.001,276.4,423.6,505.7,0,20.37,15.42,29.68,27.61,31.25,28.67,7999,1.751
6/28/2021 9:00,110174,30.05,31.28,29.33,43.71,49.03,41.39,0.001,0.001,276.1,582.8,657.7,0,18.04,15.03,31.28,29.33,31.88,29.33,7999,2.273
6/28/2021 10:00,110175,32.13,33.43,31.01,40.82,45.86,34.34,3.158,0.157,276,721.2,779.6,0,18.46,15.51,33.43,31.01,33.43,31.19,7999,2.71
6/28/2021 11:00,110176,34.58,35.82,33.18,33.41,38.52,29.04,3.477,0.685,276.3,823,862,0,17.75,15.05,35.82,33.18,35.82,33.18,7999,3.033
6/28/2021 12:00,110177,36.54,37.31,35.77,28.72,32.63,26.57,2.518,0.039,277.4,885,902,0,17.56,14.45,37.31,35.77,37.31,35.77,7999,3.22
6/28/2021 13:00,110178,38.14,38.87,37.1,25.56,29.24,22.98,4.116,0.907,277.9,901,906,0,17.19,13.34,38.87,37.1,38.87,37.1,7999,3.257
6/28/2021 14:00,110179,40.13,41.31,38.67,21.88,24.85,17.77,3.477,0.539,279.1,867,895,0,16.42,11.92,41.31,38.67,41.31,38.67,7999,3.144
6/28/2021 15:00,110180,41.1,41.72,40.33,18.61,22.51,16.52,3.317,0.388,280.2,784.8,833,0,15.11,11.11,41.72,40.33,41.72,40.33,7999,2.886
6/28/2021 16:00,110181,41.95,42.43,41.18,16.94,19.53,14.93,4.116,1.708,281,660.3,730.4,0,13.99,10,42.43,41.18,42.43,41.18,7999,2.502
6/28/2021 17:00,110182,42.48,42.91,41.99,17.43,22.99,14.79,2.998,0.51,280,512.1,589.6,0,16.87,10.31,42.91,41.99,42.91,41.99,7999,2.018
6/28/2021 18:00,110183,41.38,41.96,40.27,21.02,27.25,15.74,0.92,0.002,280.2,347.2,433.2,0,18.42,10.53,41.96,40.27,41.96,40.27,7999,1.467
6/28/2021 19:00,110184,35.71,40.3,31.33,35.1,45.16,22.85,6.354,1.525,277.5,182.5,260.1,0,19.01,14.57,40.3,31.33,40.3,32.15,7999,0.886
6/28/2021 20:00,110185,28.15,31.37,25.05,52.45,60.27,44.86,6.513,1.681,275.4,45.82,112.4,0,18.15,16.76,31.37,25.05,32.22,25.05,6595,0.315
6/28/2021 21:00,110186,22.67,25.08,20.43,66.75,73.7,59.83,6.194,2.414,275.7,2.481,10.35,0,16.84,15.53,25.08,20.43,25.08,20.43,124.3,0.002
6/28/2021 22:00,110187,19.36,20.46,18.84,77.09,78.54,73.63,5.395,2.02,275.9,0,0,0,15.68,14.97,20.46,18.84,20.46,18.84,0.005,0
6/28/2021 23:00,110188,18.49,19,18.06,79.55,81.1,77.78,0.001,0.001,278.3,0,0,0,15.08,14.72,19,18.06,19,18.06,-0.032,0
6/29/2021 0:00,110189,17.91,18.16,17.58,81.6,82.7,80.9,0.001,0.001,279.3,0,0,0,14.88,14.59,18.16,17.58,18.16,17.58,-0.031,0
6/29/2021 1:00,110190,17.29,17.65,17.05,84.1,85.2,82.5,0.001,0.001,279.6,0,0,0,14.7,14.49,17.65,17.05,17.65,17.05,-0.031,0
6/29/2021 2:00,110191,17.02,17.5,16.58,85.3,87.3,83.2,0.001,0.001,279.6,0,0,0,14.73,14.43,17.5,16.58,17.5,16.58,-0.031,0
6/29/2021 3:00,110192,16.62,16.78,16.47,87.4,87.9,86.9,0.001,0.001,279.8,0,0,0,14.66,14.41,16.78,16.47,16.78,16.47,-0.03,0
6/29/2021 4:00,110193,16.6,16.8,16.4,86.9,87.4,86.3,0.001,0.001,279.8,0.029,0.406,0,14.59,14.15,16.8,16.4,16.8,16.4,2.076,0
6/29/2021 5:00,110194,16.2,16.47,15.97,87.2,88.3,86.4,0.001,0.001,279.7,7.338,21.71,0,14.24,13.95,16.47,15.97,16.47,15.97,951,0.09
6/29/2021 6:00,110195,16.11,16.4,15.9,87.9,88.7,86.6,0.001,0.001,279.7,54.58,99.2,0,14.25,13.99,16.4,15.9,16.4,15.9,7062,0.596
6/29/2021 7:00,110196,16.71,17.19,16.33,85.1,86.8,83.2,0.001,0.001,279.8,100,137,0,14.46,14.05,17.19,16.33,17.19,16.33,7999,1.177
6/29/2021 8:00,110197,17.24,17.58,17.01,82.1,83.7,79.76,0.441,0.002,279,170.8,218.5,0,14.47,13.94,17.58,17.01,17.58,17.01,7999,1.748
6/29/2021 9:00,110198,18.06,19.07,17.38,78.14,80.8,73.48,0.001,0.001,275.9,467.6,840,0,14.77,13.91,19.07,17.38,19.07,17.38,7999,2.27
6/29/2021 10:00,110199,19.64,20.68,18.84,71.85,75.52,68.2,0.441,0.002,274.6,711,770.2,0,14.95,14.12,20.68,18.84,20.68,18.84,7999,2.707
6/29/2021 11:00,110200,21.57,22.66,20.49,65.41,69.87,61,4.116,0.119,277.3,816,855,0,15.94,14.43,22.66,20.49,22.66,20.49,7999,3.031
6/29/2021 12:00,110201,23.26,24.45,22.39,60.51,64.59,55.48,5.395,2.682,280.2,880,900,0,16.03,14.72,24.45,22.39,24.45,22.39,7999,3.218
6/29/2021 13:00,110202,24.65,25.35,23.88,55.41,59.95,51.84,6.194,3.321,284.1,898,904,0,16,14.6,25.35,23.88,25.35,23.88,7999,3.256
6/29/2021 14:00,110203,25.6,26.31,24.96,52.48,56.19,49.68,6.833,3.633,284.7,863,890,0,15.96,14.71,26.31,24.96,26.31,24.96,7999,3.143
6/29/2021 15:00,110204,26.36,26.77,26.03,45.68,51.54,42.03,7.952,3.666,299.4,780.8,831,0,15.59,12.58,26.77,26.03,27.04,26.03,7999,2.885
6/29/2021 16:00,110205,26.68,27.08,26.3,42.68,44.45,41.04,7.312,3.504,298.5,664.1,727.5,0,13.66,12.3,27.08,26.3,27.08,26.3,7999,2.501
6/29/2021 17:00,110206,26.57,27.07,26.02,44.14,47.54,41.28,6.194,2.845,295.1,516.8,596.7,0,14.09,12.61,27.07,26.02,27.07,26.02,7999,2.018
6/29/2021 18:00,110207,25.24,26.09,24.44,48.99,52.39,46.15,6.833,3.357,295,348.9,432.2,0,14.23,13.36,26.09,24.44,26.09,24.44,7999,1.466
6/29/2021 19:00,110208,23.26,24.71,22.09,57.1,60.39,52.01,7.153,3.397,294,186.7,263.8,0,14.66,13.76,24.71,22.09,24.71,22.09,7999,0.885
6/29/2021 20:00,110209,20.61,22.12,19.58,64.66,67.64,59.55,7.632,3.34,292,47.6,115.9,0,14.1,13.3,22.12,19.58,22.12,19.58,5448,0.315
6/29/2021 21:00,110210,18.84,19.68,18.04,70.7,74.31,67.2,6.194,2.065,286.5,2.298,9.94,0,13.58,13.28,19.68,18.04,19.68,18.04,108.6,0.002
6/29/2021 22:00,110211,17.69,18.21,17.46,75.72,76.71,74.12,5.075,0.52,285.1,0,0,0,13.55,13.14,18.21,17.46,18.21,17.46,-0.019,0
6/29/2021 23:00,110212,17.29,17.62,17.01,77.29,78.77,75.69,3.797,1.507,285,0,0,0,13.42,13.17,17.62,17.01,17.62,17.01,-0.003,0
6/30/2021 0:00,110213,16.64,17.11,16.3,81.5,83.4,78.57,2.199,0.11,285,0,0,0,13.65,13.25,17.11,16.3,17.11,16.3,-0.029,0
6/30/2021 1:00,110214,16.36,16.55,16.13,83.3,84.5,82.6,0.001,0.001,285.3,0,0,0,13.65,13.43,16.55,16.13,16.55,16.13,-0.031,0
6/30/2021 2:00,110215,16.23,16.44,16.06,83.6,84.6,82.9,0.001,0.001,285.3,0,0,0,13.62,13.36,16.44,16.06,16.44,16.06,-0.031,0
6/30/2021 3:00,110216,16.1,16.42,15.73,84,85.8,83,0.001,0.001,285.5,0,0,0,13.57,13.23,16.42,15.73,16.42,15.73,-0.031,0
6/30/2021 4:00,110217,16.34,16.77,15.85,82.8,85.2,81.4,0.601,0.005,285.6,0.009,0.203,0,13.62,13.25,16.77,15.85,16.77,15.85,0.64,0
6/30/2021 5:00,110218,16.57,16.77,16.35,82.9,84.4,81.4,2.359,0.009,285.6,2.934,9.54,0,13.9,13.47,16.77,16.35,16.77,16.35,382.8,0.087
6/30/2021 6:00,110219,16.26,16.45,16.09,84.8,85.4,84,4.915,0.766,285.7,17.54,31.05,0,13.82,13.57,16.45,16.09,16.45,16.09,2144,0.591
6/30/2021 7:00,110220,16.04,16.16,15.91,86.3,87,85.5,1.879,0.006,285.4,41.99,61.08,0,13.93,13.63,16.16,15.91,16.16,15.91,5422,1.172
6/30/2021 8:00,110221,16.24,16.47,15.97,85.1,86.7,84.1,3.797,0.895,285.5,82.5,102.9,0,13.89,13.62,16.47,15.97,16.47,15.97,7999,1.744
6/30/2021 9:00,110222,16.59,16.87,16.3,83.4,84.6,82.5,3.797,0.207,285.7,142.2,165,0,14.1,13.59,16.87,16.3,16.87,16.3,7999,2.266
6/30/2021 10:00,110223,16.94,17.31,16.7,82.1,84.1,79.62,3.797,0.124,285.6,155.4,233.1,0,14.13,13.63,17.31,16.7,17.31,16.7,7999,2.704
6/30/2021 11:00,110224,17.85,18.43,17.24,77.58,80.6,74.95,3.158,0.334,285.4,270.9,386.1,0,14.13,13.68,18.43,17.24,18.43,17.24,7999,3.028
6/30/2021 12:00,110225,19.91,20.87,18.36,69.38,75.44,65.37,0.441,0.002,285.3,463.8,1365,0,14.69,13.78,20.87,18.36,20.87,18.36,7999,3.216
6/30/2021 13:00,110226,19.85,20.32,19.33,70.81,72.78,68.42,0.001,0.001,285.1,377.2,497.3,0,14.8,14.08,20.32,19.33,20.32,19.33,7999,3.255
6/30/2021 14:00,110227,19.95,20.24,19.65,70.82,72.02,69.41,5.235,0.68,286.1,330.5,379.2,0,14.86,14.21,20.24,19.65,20.24,19.65,7999,3.142
6/30/2021 15:00,110228,19.98,20.32,19.68,70.51,72.24,69.13,5.235,1.918,285.8,276.2,364.8,0,14.95,14.25,20.32,19.68,20.32,19.68,7999,2.885
6/30/2021 16:00,110229,19.63,20.17,19,71.2,73.6,69.01,8.43,2.625,287,218.6,323.6,0,14.59,14,20.17,19,20.17,19,7999,2.501
6/30/2021 17:00,110230,18.9,19.24,18.41,73.72,75.58,72.27,5.874,1.503,284,143.8,185.7,0,14.45,13.89,19.24,18.41,19.24,18.41,7999,2.017
6/30/2021 18:00,110231,18.47,18.77,18.26,74.94,75.86,73.63,5.874,0.543,283.2,84.4,123.6,0,14.2,13.71,18.77,18.26,18.77,18.26,7999,1.466
6/30/2021 19:00,110232,17.84,18.45,17.5,78.49,80.8,74.7,0.001,0.001,282.8,49.68,59.45,0,14.31,13.71,18.45,17.5,18.45,17.5,6650,0.885
6/30/2021 20:00,110233,17.97,18.09,17.75,76.12,77.66,74.51,0.001,0.001,282.9,16.51,31.86,0,14,13.35,18.09,17.75,18.09,17.75,2215,0.314
6/30/2021 21:00,110234,17.62,17.89,17.48,76.47,77.79,75.22,0.001,0.001,282.9,0.89,3.246,0,13.9,13.12,17.89,17.48,17.89,17.48,65.82,0.002
6/30/2021 22:00,110235,17.5,17.65,17.13,76.08,79.37,75.02,3.477,0.08,282.9,0,0,0,13.73,13.04,17.65,17.13,17.65,17.13,-0.03,0
6/30/2021 23:00,110236,17.09,17.31,16.92,79.33,80.7,78.28,0.001,0.001,282.7,0,0,0,13.77,13.28,17.31,16.92,17.31,16.92,-0.032,0
